id ,date,t1_name,t2_name,t1_batAvg,t2_batAvg,t1_OBP,t2_OBP,t1_OPS,t2_OPS,t1_slug,t2_slug,t1_ERA,t2_ERA,t1_winner?
1000,"Friday, June 16, 2017",ARI,PHI,0.324,0.156,0.366,0.206,0.825,0.55,0.459,0.344,2.0,5.0,1
1001,"Friday, June 16, 2017",CHC,PIT,0.297,0.229,0.366,0.308,0.825,0.708,0.459,0.4,5.0,9.0,1
1002,"Friday, June 16, 2017",SEA,TEX,0.212,0.333,0.278,0.429,0.581,1.012,0.303,0.583,7.88,4.0,0
1003,"Friday, June 16, 2017",CHW,TOR,0.359,0.258,0.395,0.324,0.985,0.904,0.59,0.581,4.0,10.0,1
1004,"Saturday, June 17, 2017",KCR,LAA,0.067,0.371,0.097,0.421,0.163,1.078,0.067,0.657,10.12,0.0,0
1005,"Saturday, June 17, 2017",MIA,ATL,0.256,0.372,0.341,0.4,0.7,1.005,0.359,0.605,7.71,6.3,0
1006,"Saturday, June 17, 2017",STL,BAL,0.263,0.385,0.349,0.467,0.875,1.338,0.526,0.872,15.75,6.0,0
1007,"Saturday, June 17, 2017",LAD,CIN,0.308,0.297,0.378,0.333,1.07,0.874,0.692,0.541,2.0,9.0,1
1008,"Saturday, June 17, 2017",SFG,COL,0.286,0.389,0.342,0.436,0.656,0.853,0.314,0.417,4.5,1.0,0
1009,"Saturday, June 17, 2017",TBR,DET,0.25,0.229,0.333,0.27,0.615,0.642,0.281,0.371,2.0,3.0,1
1010,"Saturday, June 17, 2017",BOS,HOU,0.103,0.344,0.133,0.343,0.34,1.03,0.207,0.688,7.88,1.0,0
1011,"Saturday, June 17, 2017",SDP,MIL,0.214,0.175,0.283,0.214,0.902,0.614,0.619,0.4,4.09,5.73,1
1012,"Saturday, June 17, 2017",CLE,MIN,0.359,0.235,0.457,0.257,1.072,0.522,0.615,0.265,2.0,8.0,1
1013,"Saturday, June 17, 2017",CLE,MIN,0.297,0.161,0.395,0.235,1.044,0.558,0.649,0.323,2.0,6.0,1
1014,"Saturday, June 17, 2017",WSN,NYM,0.297,0.364,0.35,0.405,0.945,0.86,0.595,0.455,4.0,6.0,1
1015,"Saturday, June 17, 2017",NYY,OAK,0.156,0.333,0.222,0.4,0.378,1.039,0.156,0.639,5.62,2.0,0
1016,"Saturday, June 17, 2017",ARI,PHI,0.257,0.257,0.333,0.341,0.648,0.627,0.314,0.286,1.0,5.0,1
1017,"Saturday, June 17, 2017",CHC,PIT,0.226,0.2,0.294,0.294,0.746,0.794,0.452,0.5,3.38,3.0,0
1018,"Saturday, June 17, 2017",SEA,TEX,0.25,0.286,0.289,0.324,0.678,0.981,0.389,0.657,10.12,4.0,0
1019,"Saturday, June 17, 2017",CHW,TOR,0.242,0.194,0.286,0.219,0.831,0.445,0.545,0.226,2.0,4.0,1
1020,"Sunday, June 18, 2017",KCR,LAA,0.286,0.343,0.381,0.385,0.838,0.785,0.457,0.4,3.0,7.0,1
1021,"Sunday, June 18, 2017",MIA,ATL,0.273,0.29,0.351,0.395,0.715,0.685,0.364,0.29,5.4,4.0,0
1022,"Sunday, June 18, 2017",STL,BAL,0.194,0.333,0.306,0.378,0.886,1.227,0.581,0.848,9.0,5.0,0
1023,"Sunday, June 18, 2017",LAD,CIN,0.27,0.25,0.357,0.357,0.898,0.913,0.541,0.556,7.0,8.0,1
1024,"Sunday, June 18, 2017",SFG,COL,0.273,0.361,0.385,0.395,0.9,1.089,0.515,0.694,7.56,5.0,0
1025,"Sunday, June 18, 2017",TBR,DET,0.27,0.188,0.325,0.235,1.001,0.423,0.676,0.188,1.0,9.0,1
1026,"Sunday, June 18, 2017",BOS,HOU,0.242,0.368,0.324,0.467,0.779,1.151,0.455,0.684,5.0,6.0,1
1027,"Sunday, June 18, 2017",SDP,MIL,0.194,0.3,0.265,0.344,0.458,0.877,0.194,0.533,2.25,0.0,0
1028,"Sunday, June 18, 2017",CLE,MIN,0.306,0.138,0.366,0.265,0.894,0.437,0.528,0.172,2.0,5.0,1
1029,"Sunday, June 18, 2017",WSN,NYM,0.129,0.324,0.176,0.395,0.338,0.865,0.161,0.471,3.38,0.0,0
1030,"Sunday, June 18, 2017",NYY,OAK,0.188,0.233,0.257,0.281,0.663,0.715,0.406,0.433,4.5,3.0,0
1031,"Sunday, June 18, 2017",ARI,PHI,0.325,0.289,0.372,0.386,0.947,0.86,0.575,0.474,3.6,4.5,1
1032,"Sunday, June 18, 2017",CHC,PIT,0.351,0.103,0.368,0.188,1.017,0.394,0.649,0.207,1.0,7.0,1
1033,"Sunday, June 18, 2017",SEA,TEX,0.306,0.133,0.39,0.278,0.89,0.511,0.5,0.233,3.0,6.0,1
1034,"Sunday, June 18, 2017",CHW,TOR,0.235,0.361,0.257,0.425,0.522,1.064,0.265,0.639,7.88,3.0,0
1035,"Monday, June 19, 2017",SFG,ATL,0.133,0.314,0.188,0.385,0.354,0.927,0.167,0.543,10.12,0.0,0
1036,"Monday, June 19, 2017",CLE,BAL,0.386,0.1,0.462,0.1,1.189,0.2,0.727,0.1,0.0,11.0,1
1037,"Monday, June 19, 2017",SDP,CHC,0.212,0.28,0.333,0.367,0.758,0.927,0.424,0.56,2.25,2.0,0
1038,"Monday, June 19, 2017",BOS,KCR,0.27,0.294,0.325,0.333,0.73,0.775,0.405,0.441,4.5,2.0,0
1039,"Monday, June 19, 2017",NYM,LAD,0.235,0.415,0.316,0.455,0.904,1.186,0.588,0.732,11.25,6.0,0
1040,"Monday, June 19, 2017",WSN,MIA,0.325,0.353,0.357,0.45,0.932,1.038,0.575,0.588,7.27,4.0,0
1041,"Monday, June 19, 2017",PIT,MIL,0.297,0.161,0.366,0.235,0.771,0.558,0.405,0.323,1.0,8.0,1
1042,"Monday, June 19, 2017",HOU,OAK,0.257,0.133,0.297,0.212,0.926,0.412,0.629,0.2,1.0,4.0,1
1043,"Monday, June 19, 2017",DET,SEA,0.161,0.312,0.316,0.389,0.509,0.983,0.194,0.594,6.75,2.0,0
1044,"Monday, June 19, 2017",CIN,TBR,0.257,0.212,0.395,0.257,0.881,0.651,0.486,0.394,3.0,7.0,1
1045,"Monday, June 19, 2017",TOR,TEX,0.27,0.206,0.372,0.341,0.913,0.665,0.541,0.324,6.0,7.0,1
1046,"Tuesday, June 20, 2017",SFG,ATL,0.273,0.273,0.273,0.286,0.727,0.68,0.455,0.394,3.0,4.0,1
1047,"Tuesday, June 20, 2017",CLE,BAL,0.314,0.324,0.429,0.343,0.886,0.99,0.457,0.647,6.75,5.0,0
1048,"Tuesday, June 20, 2017",SDP,CHC,0.161,0.31,0.257,0.429,0.451,0.98,0.194,0.552,4.5,0.0,0
1049,"Tuesday, June 20, 2017",ARI,COL,0.2,0.303,0.306,0.303,0.706,0.758,0.4,0.455,4.5,3.0,0
1050,"Tuesday, June 20, 2017",BOS,KCR,0.342,0.138,0.381,0.167,0.828,0.511,0.447,0.345,3.0,8.0,1
1051,"Tuesday, June 20, 2017",NYM,LAD,0.143,0.342,0.25,0.457,0.393,1.272,0.143,0.816,12.38,0.0,0
1052,"Tuesday, June 20, 2017",WSN,MIA,0.289,0.182,0.386,0.25,0.834,0.583,0.447,0.333,3.0,10.0,1
1053,"Tuesday, June 20, 2017",PIT,MIL,0.297,0.265,0.366,0.359,0.879,0.859,0.514,0.5,2.0,7.0,1
1054,"Tuesday, June 20, 2017",CHW,MIN,0.372,0.306,0.426,0.405,1.146,0.905,0.721,0.5,9.0,7.0,0
1055,"Tuesday, June 20, 2017",LAA,NYY,0.35,0.133,0.366,0.25,1.016,0.617,0.65,0.367,3.0,6.0,1
1056,"Tuesday, June 20, 2017",HOU,OAK,0.297,0.265,0.422,0.316,0.99,0.816,0.568,0.5,4.0,8.0,1
1057,"Tuesday, June 20, 2017",STL,PHI,0.279,0.184,0.34,0.225,0.922,0.409,0.581,0.184,0.82,6.55,1
1058,"Tuesday, June 20, 2017",DET,SEA,0.194,0.265,0.256,0.39,0.701,0.92,0.444,0.529,5.0,3.6,0
1059,"Tuesday, June 20, 2017",CIN,TBR,0.325,0.258,0.357,0.361,0.932,0.909,0.575,0.548,6.75,5.0,0
1060,"Tuesday, June 20, 2017",TOR,TEX,0.188,0.276,0.297,0.323,0.547,0.978,0.25,0.655,6.75,1.0,0
1061,"Wednesday, June 21, 2017",SFG,ATL,0.179,0.179,0.238,0.2,0.597,0.61,0.359,0.41,4.35,2.45,0
1062,"Wednesday, June 21, 2017",CLE,BAL,0.289,0.25,0.341,0.25,0.736,0.528,0.395,0.278,1.0,5.0,1
1063,"Wednesday, June 21, 2017",SDP,CHC,0.235,0.071,0.333,0.133,0.686,0.348,0.353,0.214,2.0,3.0,1
1064,"Wednesday, June 21, 2017",ARI,COL,0.435,0.229,0.49,0.308,1.121,0.765,0.63,0.457,4.0,16.0,1
1065,"Wednesday, June 21, 2017",BOS,KCR,0.161,0.276,0.229,0.371,0.648,0.82,0.419,0.448,6.75,2.0,0
1066,"Wednesday, June 21, 2017",NYM,LAD,0.2,0.226,0.263,0.324,0.635,0.905,0.371,0.581,7.88,2.0,0
1067,"Wednesday, June 21, 2017",WSN,MIA,0.172,0.077,0.226,0.172,0.502,0.249,0.276,0.077,0.0,1.0,0
1068,"Wednesday, June 21, 2017",PIT,MIL,0.294,0.258,0.385,0.303,0.885,0.722,0.5,0.419,4.5,3.0,0
1069,"Wednesday, June 21, 2017",CHW,MIN,0.161,0.294,0.188,0.4,0.381,0.841,0.194,0.441,2.25,2.0,0
1070,"Wednesday, June 21, 2017",LAA,NYY,0.219,0.353,0.286,0.436,0.754,1.024,0.469,0.588,9.0,4.0,0
1071,"Wednesday, June 21, 2017",HOU,OAK,0.27,0.138,0.3,0.265,0.678,0.437,0.378,0.172,1.0,5.0,1
1072,"Wednesday, June 21, 2017",STL,PHI,0.231,0.356,0.286,0.396,0.875,0.818,0.59,0.422,2.7,6.3,1
1073,"Wednesday, June 21, 2017",DET,SEA,0.333,0.273,0.385,0.333,0.912,0.758,0.528,0.424,7.88,4.0,0
1074,"Wednesday, June 21, 2017",CIN,TBR,0.156,0.4,0.289,0.462,0.602,1.09,0.313,0.629,9.0,3.0,0
1075,"Wednesday, June 21, 2017",TOR,TEX,0.306,0.25,0.375,0.289,0.847,0.762,0.472,0.472,5.0,7.0,1
1076,"Thursday, June 22, 2017",SFG,ATL,0.357,0.41,0.417,0.415,1.107,1.133,0.69,0.718,13.5,9.0,0
1077,"Thursday, June 22, 2017",CLE,BAL,0.342,0.273,0.405,0.4,0.957,0.794,0.553,0.394,3.0,6.0,1
1078,"Thursday, June 22, 2017",ARI,COL,0.297,0.212,0.366,0.235,0.825,0.569,0.459,0.333,3.0,10.0,1
1079,"Thursday, June 22, 2017",NYM,LAD,0.219,0.207,0.324,0.395,0.793,0.946,0.469,0.552,6.75,3.0,0
1080,"Thursday, June 22, 2017",CHC,MIA,0.381,0.219,0.435,0.219,1.149,0.563,0.714,0.344,1.0,11.0,1
1081,"Thursday, June 22, 2017",PIT,MIL,0.138,0.355,0.242,0.412,0.484,0.992,0.241,0.581,4.5,2.0,0
1082,"Thursday, June 22, 2017",CHW,MIN,0.409,0.212,0.435,0.212,1.139,0.424,0.705,0.212,0.0,9.0,1
1083,"Thursday, June 22, 2017",LAA,NYY,0.306,0.235,0.357,0.278,0.829,0.631,0.472,0.353,5.0,6.0,1
1084,"Thursday, June 22, 2017",HOU,OAK,0.342,0.316,0.378,0.395,1.115,0.895,0.737,0.5,9.0,11.0,1
1085,"Thursday, June 22, 2017",STL,PHI,0.133,0.276,0.188,0.364,0.421,0.915,0.233,0.552,4.5,1.0,0
1086,"Thursday, June 22, 2017",DET,SEA,0.278,0.267,0.297,0.371,0.853,0.871,0.556,0.5,10.12,6.0,0
1087,"Thursday, June 22, 2017",TOR,TEX,0.314,0.324,0.368,0.415,0.797,1.179,0.429,0.765,10.12,3.0,0
1088,"Friday, June 23, 2017",PHI,ARI,0.308,0.188,0.317,0.235,0.881,0.548,0.564,0.313,1.0,3.0,1
1089,"Friday, June 23, 2017",MIL,ATL,0.212,0.235,0.366,0.316,0.729,0.669,0.364,0.353,4.5,4.0,0
1090,"Friday, June 23, 2017",LAA,BOS,0.286,0.303,0.306,0.361,0.791,0.937,0.486,0.576,10.12,3.0,0
1091,"Friday, June 23, 2017",OAK,CHW,0.156,0.226,0.289,0.25,0.633,0.476,0.344,0.226,0.0,3.0,1
1092,"Friday, June 23, 2017",MIN,CLE,0.257,0.121,0.278,0.237,0.706,0.388,0.429,0.152,0.0,4.0,1
1093,"Friday, June 23, 2017",TOR,KCR,0.306,0.25,0.39,0.27,0.751,0.659,0.361,0.389,5.19,4.0,0
1094,"Friday, June 23, 2017",COL,LAD,0.1,0.344,0.156,0.41,0.29,0.973,0.133,0.563,6.75,1.0,0
1095,"Friday, June 23, 2017",CHC,MIA,0.2,0.115,0.294,0.2,0.527,0.469,0.233,0.269,1.12,0.0,0
1096,"Friday, June 23, 2017",TEX,NYY,0.121,0.2,0.237,0.222,0.358,0.508,0.121,0.286,1.86,0.0,0
1097,"Friday, June 23, 2017",DET,SDP,0.107,0.08,0.242,0.207,0.385,0.327,0.143,0.12,1.12,0.0,0
1098,"Friday, June 23, 2017",HOU,SEA,0.278,0.4,0.316,0.455,0.844,1.18,0.528,0.725,14.62,3.0,0
1099,"Friday, June 23, 2017",NYM,SFG,0.476,0.242,0.478,0.297,1.264,0.6,0.786,0.303,4.0,11.0,1
1100,"Friday, June 23, 2017",PIT,STL,0.152,0.194,0.222,0.324,0.556,0.711,0.333,0.387,3.0,3.0,1
1101,"Friday, June 23, 2017",BAL,TBR,0.278,0.314,0.316,0.435,0.649,1.12,0.333,0.686,13.5,4.0,0
1102,"Friday, June 23, 2017",CIN,WSN,0.243,0.351,0.341,0.468,0.746,1.144,0.405,0.676,5.59,4.5,0
1103,"Saturday, June 24, 2017",PHI,ARI,0.188,0.333,0.297,0.4,0.579,0.928,0.281,0.528,9.0,2.0,0
1104,"Saturday, June 24, 2017",MIL,ATL,0.188,0.273,0.235,0.294,0.454,0.688,0.219,0.394,3.38,1.0,0
1105,"Saturday, June 24, 2017",LAA,BOS,0.257,0.182,0.308,0.25,0.679,0.614,0.371,0.364,3.0,5.0,1
1106,"Saturday, June 24, 2017",OAK,CHW,0.349,0.152,0.44,0.171,1.091,0.353,0.651,0.182,0.0,9.0,1
1107,"Saturday, June 24, 2017",MIN,CLE,0.156,0.242,0.229,0.342,0.635,0.706,0.406,0.364,2.0,2.0,1
1108,"Saturday, June 24, 2017",TOR,KCR,0.265,0.179,0.265,0.273,0.735,0.701,0.471,0.429,3.38,2.0,0
1109,"Saturday, June 24, 2017",COL,LAD,0.156,0.207,0.182,0.41,0.369,0.79,0.188,0.379,4.5,0.0,0
1110,"Saturday, June 24, 2017",CHC,MIA,0.314,0.133,0.333,0.161,0.762,0.395,0.429,0.233,3.0,4.0,1
1111,"Saturday, June 24, 2017",TEX,NYY,0.229,0.161,0.325,0.188,0.811,0.446,0.486,0.258,1.0,8.0,1
1112,"Saturday, June 24, 2017",DET,SDP,0.176,0.25,0.2,0.333,0.465,0.762,0.265,0.429,6.75,2.0,0
1113,"Saturday, June 24, 2017",HOU,SEA,0.257,0.212,0.333,0.278,0.762,0.581,0.429,0.303,2.0,4.0,1
1114,"Saturday, June 24, 2017",NYM,SFG,0.294,0.182,0.385,0.206,0.943,0.479,0.559,0.273,2.0,5.0,1
1115,"Saturday, June 24, 2017",PIT,STL,0.182,0.242,0.308,0.324,0.702,0.688,0.394,0.364,3.0,7.0,1
1116,"Saturday, June 24, 2017",BAL,TBR,0.297,0.233,0.372,0.343,0.94,0.776,0.568,0.433,3.0,8.0,1
1117,"Saturday, June 24, 2017",CIN,WSN,0.294,0.475,0.306,0.52,0.747,1.27,0.441,0.75,20.25,3.0,0
1118,"Sunday, June 25, 2017",PHI,ARI,0.231,0.184,0.286,0.244,0.593,0.507,0.308,0.263,1.69,0.82,0
1119,"Sunday, June 25, 2017",MIL,ATL,0.306,0.2,0.333,0.273,0.917,0.473,0.583,0.2,0.0,7.0,1
1120,"Sunday, June 25, 2017",LAA,BOS,0.294,0.242,0.351,0.265,0.675,0.689,0.324,0.424,2.0,4.0,1
1121,"Sunday, June 25, 2017",OAK,CHW,0.316,0.188,0.366,0.212,0.866,0.65,0.5,0.438,2.0,4.0,1
1122,"Sunday, June 25, 2017",MIN,CLE,0.257,0.25,0.316,0.27,0.744,0.548,0.429,0.278,0.0,4.0,1
1123,"Sunday, June 25, 2017",TOR,KCR,0.282,0.265,0.404,0.286,0.84,0.697,0.436,0.412,2.0,7.0,1
1124,"Sunday, June 25, 2017",COL,LAD,0.229,0.361,0.341,0.465,0.57,1.215,0.229,0.75,13.5,5.0,0
1125,"Sunday, June 25, 2017",CHC,MIA,0.267,0.2,0.385,0.273,0.651,0.606,0.267,0.333,4.5,2.0,0
1126,"Sunday, June 25, 2017",TEX,NYY,0.242,0.297,0.306,0.35,0.881,0.836,0.576,0.486,6.0,7.0,1
1127,"Sunday, June 25, 2017",DET,SDP,0.368,0.226,0.415,0.333,1.02,0.849,0.605,0.516,5.0,7.0,1
1128,"Sunday, June 25, 2017",HOU,SEA,0.242,0.156,0.359,0.289,0.904,0.477,0.545,0.188,2.0,8.0,1
1129,"Sunday, June 25, 2017",NYM,SFG,0.341,0.273,0.46,0.324,1.143,0.627,0.683,0.303,2.0,8.0,1
1130,"Sunday, June 25, 2017",PIT,STL,0.226,0.324,0.257,0.41,0.612,0.881,0.355,0.471,7.88,3.0,0
1131,"Sunday, June 25, 2017",BAL,TBR,0.294,0.371,0.375,0.41,0.993,0.896,0.618,0.486,4.0,8.0,1
1132,"Sunday, June 25, 2017",CIN,WSN,0.324,0.235,0.359,0.278,0.845,0.631,0.486,0.353,2.0,6.0,1
1133,"Monday, June 26, 2017",PHI,ARI,0.156,0.303,0.25,0.41,0.406,0.834,0.156,0.424,6.75,1.0,0
1134,"Monday, June 26, 2017",MIN,BOS,0.138,0.29,0.194,0.343,0.435,0.73,0.241,0.387,4.5,1.0,0
1135,"Monday, June 26, 2017",NYY,CHW,0.194,0.289,0.333,0.341,0.656,0.815,0.323,0.474,5.0,2.0,1
1136,"Monday, June 26, 2017",TEX,CLE,0.257,0.463,0.35,0.531,1.036,1.116,0.686,0.585,16.88,9.0,0
1137,"Monday, June 26, 2017",LAA,LAD,0.25,0.161,0.324,0.235,0.731,0.493,0.406,0.258,0.0,4.0,1
1138,"Monday, June 26, 2017",COL,SFG,0.25,0.4,0.27,0.439,0.52,1.01,0.25,0.571,9.0,2.0,0
1139,"Monday, June 26, 2017",CIN,STL,0.273,0.382,0.278,0.462,0.611,1.109,0.333,0.647,9.0,2.0,0
1140,"Monday, June 26, 2017",CHC,WSN,0.265,0.308,0.39,0.325,0.802,0.735,0.412,0.41,4.0,5.0,1
1141,"Tuesday, June 27, 2017",STL,ARI,0.176,0.278,0.268,0.386,0.445,0.803,0.176,0.417,5.79,2.7,0
1142,"Tuesday, June 27, 2017",MIN,BOS,0.235,0.312,0.257,0.439,0.61,0.97,0.353,0.531,4.5,1.0,0
1143,"Tuesday, June 27, 2017",NYY,CHW,0.219,0.226,0.324,0.368,0.606,0.659,0.281,0.29,4.15,3.0,0
1144,"Tuesday, June 27, 2017",MIL,CIN,0.265,0.312,0.359,0.378,0.918,1.097,0.559,0.719,9.0,6.0,0
1145,"Tuesday, June 27, 2017",TEX,CLE,0.103,0.103,0.188,0.188,0.498,0.291,0.31,0.103,1.0,2.0,1
1146,"Tuesday, June 27, 2017",KCR,DET,0.297,0.265,0.316,0.306,0.64,0.806,0.324,0.5,5.62,3.0,0
1147,"Tuesday, June 27, 2017",OAK,HOU,0.25,0.368,0.308,0.415,0.724,0.915,0.417,0.5,4.0,6.0,1
1148,"Tuesday, June 27, 2017",LAA,LAD,0.161,0.148,0.161,0.258,0.355,0.591,0.194,0.333,4.5,0.0,0
1149,"Tuesday, June 27, 2017",NYM,MIA,0.212,0.303,0.297,0.361,0.752,0.755,0.455,0.394,6.75,3.0,0
1150,"Tuesday, June 27, 2017",TBR,PIT,0.206,0.121,0.222,0.216,0.458,0.398,0.235,0.182,1.8,2.7,1
1151,"Tuesday, June 27, 2017",ATL,SDP,0.25,0.206,0.265,0.25,0.608,0.515,0.344,0.265,0.0,2.0,1
1152,"Tuesday, June 27, 2017",PHI,SEA,0.281,0.167,0.35,0.265,0.881,0.565,0.531,0.3,2.0,4.0,1
1153,"Tuesday, June 27, 2017",COL,SFG,0.217,0.24,0.321,0.278,0.625,0.538,0.304,0.26,2.63,1.93,0
1154,"Tuesday, June 27, 2017",BAL,TOR,0.212,0.194,0.316,0.265,0.619,0.555,0.303,0.29,1.0,3.0,1
1155,"Tuesday, June 27, 2017",CHC,WSN,0.071,0.281,0.133,0.41,0.312,0.723,0.179,0.313,5.62,1.0,0
1156,"Wednesday, June 28, 2017",LAD,LAA,0.133,0.229,0.257,0.27,0.59,0.613,0.333,0.343,2.16,2.0,0
1157,"Wednesday, June 28, 2017",STL,ARI,0.194,0.257,0.324,0.316,0.582,0.659,0.258,0.343,3.0,4.0,1
1158,"Wednesday, June 28, 2017",MIN,BOS,0.206,0.206,0.289,0.308,0.642,0.572,0.353,0.265,1.0,4.0,1
1159,"Wednesday, June 28, 2017",NYY,CHW,0.257,0.229,0.422,0.308,0.965,0.651,0.543,0.343,3.0,9.0,1
1160,"Wednesday, June 28, 2017",MIL,CIN,0.25,0.143,0.306,0.294,0.743,0.651,0.438,0.357,4.5,3.0,0
1161,"Wednesday, June 28, 2017",TEX,CLE,0.206,0.344,0.229,0.432,0.611,0.839,0.382,0.406,4.5,3.0,0
1162,"Wednesday, June 28, 2017",KCR,DET,0.359,0.219,0.419,0.242,1.06,0.649,0.641,0.406,2.0,8.0,1
1163,"Wednesday, June 28, 2017",OAK,HOU,0.222,0.459,0.243,0.476,0.882,1.152,0.639,0.676,12.38,8.0,0
1164,"Wednesday, June 28, 2017",NYM,MIA,0.286,0.219,0.359,0.265,0.873,0.483,0.514,0.219,0.0,8.0,1
1165,"Wednesday, June 28, 2017",TBR,PIT,0.286,0.214,0.35,0.333,0.75,0.726,0.4,0.393,6.75,2.0,0
1166,"Wednesday, June 28, 2017",ATL,SDP,0.219,0.343,0.286,0.425,0.567,0.854,0.281,0.429,7.88,4.0,0
1167,"Wednesday, June 28, 2017",PHI,SEA,0.219,0.306,0.306,0.342,0.743,0.925,0.438,0.583,4.0,5.0,1
1168,"Wednesday, June 28, 2017",COL,SFG,0.229,0.241,0.289,0.313,0.518,0.761,0.229,0.448,5.62,1.0,0
1169,"Wednesday, June 28, 2017",BAL,TOR,0.161,0.241,0.212,0.333,0.373,0.782,0.161,0.448,3.38,0.0,0
1170,"Wednesday, June 28, 2017",CHC,WSN,0.182,0.324,0.229,0.385,0.653,1.09,0.424,0.706,9.0,3.0,0
1171,"Thursday, June 29, 2017",LAD,LAA,0.25,0.182,0.263,0.25,0.819,0.462,0.556,0.212,1.0,5.0,1
1172,"Thursday, June 29, 2017",STL,ARI,0.289,0.182,0.386,0.206,0.86,0.721,0.474,0.515,4.0,6.0,1
1173,"Thursday, June 29, 2017",MIN,BOS,0.206,0.303,0.206,0.343,0.5,0.949,0.294,0.606,4.5,3.0,0
1174,"Thursday, June 29, 2017",NYY,CHW,0.212,0.194,0.316,0.286,0.589,0.576,0.273,0.29,2.25,2.0,0
1175,"Thursday, June 29, 2017",MIL,CIN,0.308,0.212,0.386,0.257,1.181,0.712,0.795,0.455,3.0,11.0,1
1176,"Thursday, June 29, 2017",TEX,CLE,0.133,0.273,0.161,0.333,0.395,0.788,0.233,0.455,5.62,1.0,0
1177,"Thursday, June 29, 2017",KCR,DET,0.219,0.281,0.219,0.361,0.469,0.924,0.25,0.563,7.88,2.0,0
1178,"Thursday, June 29, 2017",OAK,HOU,0.156,0.312,0.308,0.361,0.495,0.955,0.188,0.594,6.75,1.0,0
1179,"Thursday, June 29, 2017",NYM,MIA,0.235,0.273,0.25,0.294,0.632,0.658,0.382,0.364,2.0,4.0,1
1180,"Thursday, June 29, 2017",TBR,PIT,0.235,0.312,0.297,0.371,0.591,0.903,0.294,0.531,4.5,0.0,0
1181,"Thursday, June 29, 2017",ATL,SDP,0.129,0.281,0.156,0.361,0.318,0.861,0.161,0.5,6.75,0.0,0
1182,"Thursday, June 29, 2017",BAL,TOR,0.242,0.1,0.278,0.129,0.581,0.296,0.303,0.167,0.0,2.0,1
1183,"Thursday, June 29, 2017",CHC,WSN,0.235,0.194,0.316,0.324,0.698,0.679,0.382,0.355,4.0,5.0,1
1184,"Friday, June 30, 2017",SEA,LAA,0.415,0.167,0.442,0.242,1.247,0.442,0.805,0.2,0.0,10.0,1
1185,"Friday, June 30, 2017",COL,ARI,0.235,0.243,0.333,0.282,0.833,0.796,0.5,0.514,3.0,6.0,1
1186,"Friday, June 30, 2017",TBR,BAL,0.263,0.143,0.349,0.143,0.77,0.514,0.421,0.371,2.7,5.4,1
1187,"Friday, June 30, 2017",TEX,CHW,0.314,0.368,0.429,0.368,0.914,1.026,0.486,0.658,7.56,6.0,0
1188,"Friday, June 30, 2017",CHC,CIN,0.1,0.323,0.156,0.382,0.256,0.898,0.1,0.516,4.5,0.0,0
1189,"Friday, June 30, 2017",NYY,HOU,0.35,0.257,0.438,0.25,0.963,0.564,0.525,0.314,3.0,12.0,1
1190,"Friday, June 30, 2017",MIN,KCR,0.1,0.303,0.206,0.324,0.306,0.9,0.1,0.576,5.62,1.0,0
1191,"Friday, June 30, 2017",MIA,MIL,0.242,0.179,0.306,0.258,0.609,0.651,0.303,0.393,3.38,2.0,0
1192,"Friday, June 30, 2017",PHI,NYM,0.129,0.214,0.156,0.313,0.382,0.634,0.226,0.321,2.25,1.0,0
1193,"Friday, June 30, 2017",ATL,OAK,0.133,0.069,0.188,0.182,0.388,0.389,0.2,0.207,1.0,3.0,1
1194,"Friday, June 30, 2017",SFG,PIT,0.419,0.294,0.49,0.39,1.095,0.773,0.605,0.382,5.0,13.0,1
1195,"Friday, June 30, 2017",LAD,SDP,0.4,0.188,0.5,0.308,1.125,0.683,0.625,0.375,4.0,10.0,1
1196,"Friday, June 30, 2017",WSN,STL,0.214,0.314,0.313,0.429,0.598,0.886,0.286,0.457,9.0,1.0,0
1197,"Friday, June 30, 2017",BOS,TOR,0.302,0.158,0.474,0.289,0.916,0.631,0.442,0.342,3.27,5.73,1
1198,"Saturday, July 1, 2017",SEA,LAA,0.103,0.241,0.133,0.313,0.237,0.692,0.103,0.379,4.5,0.0,0
1199,"Saturday, July 1, 2017",COL,ARI,0.182,0.25,0.182,0.324,0.455,0.887,0.273,0.563,4.5,2.0,0
1200,"Saturday, July 1, 2017",TBR,BAL,0.341,0.235,0.386,0.297,1.118,0.621,0.732,0.324,3.0,10.0,1
1201,"Saturday, July 1, 2017",TEX,CHW,0.27,0.133,0.4,0.212,1.049,0.512,0.649,0.3,4.0,10.0,1
1202,"Saturday, July 1, 2017",CHC,CIN,0.242,0.276,0.306,0.432,0.79,0.743,0.485,0.31,5.62,3.0,0
1203,"Saturday, July 1, 2017",CLE,DET,0.188,0.382,0.229,0.475,0.572,1.151,0.344,0.676,7.88,4.0,0
1204,"Saturday, July 1, 2017",CLE,DET,0.188,0.125,0.257,0.2,0.601,0.388,0.344,0.188,1.0,4.0,1
1205,"Saturday, July 1, 2017",NYY,HOU,0.294,0.258,0.351,0.343,0.851,0.956,0.5,0.613,7.88,6.0,0
1206,"Saturday, July 1, 2017",MIN,KCR,0.308,0.425,0.438,0.452,0.899,1.252,0.462,0.8,11.25,6.0,0
1207,"Saturday, July 1, 2017",MIN,KCR,0.341,0.286,0.4,0.306,0.937,0.906,0.537,0.6,5.0,8.0,1
1208,"Saturday, July 1, 2017",MIA,MIL,0.206,0.306,0.27,0.375,0.623,0.903,0.353,0.528,9.0,4.0,0
1209,"Saturday, July 1, 2017",PHI,NYM,0.27,0.323,0.341,0.364,0.747,1.17,0.405,0.806,7.88,4.0,0
1210,"Saturday, July 1, 2017",ATL,OAK,0.206,0.235,0.243,0.316,0.567,0.639,0.324,0.324,3.0,2.0,1
1211,"Saturday, July 1, 2017",SFG,PIT,0.135,0.179,0.22,0.347,0.49,0.603,0.27,0.256,0.82,0.82,1
1212,"Saturday, July 1, 2017",LAD,SDP,0.35,0.129,0.422,0.156,1.047,0.318,0.625,0.161,0.0,8.0,1
1213,"Saturday, July 1, 2017",WSN,STL,0.212,0.143,0.278,0.2,0.52,0.486,0.242,0.286,2.25,1.0,0
1214,"Saturday, July 1, 2017",BOS,TOR,0.333,0.182,0.39,0.27,0.807,0.573,0.417,0.303,1.0,7.0,1
1215,"Sunday, July 2, 2017",SEA,LAA,0.212,0.2,0.316,0.242,0.649,0.442,0.333,0.2,3.0,5.0,1
1216,"Sunday, July 2, 2017",COL,ARI,0.278,0.25,0.333,0.314,0.611,0.721,0.278,0.406,4.32,2.0,0
1217,"Sunday, July 2, 2017",TBR,BAL,0.161,0.226,0.212,0.294,0.502,0.746,0.29,0.452,6.75,1.0,0
1218,"Sunday, July 2, 2017",TEX,CHW,0.237,0.2,0.293,0.382,0.635,0.862,0.342,0.48,6.75,3.0,0
1219,"Sunday, July 2, 2017",CHC,CIN,0.306,0.156,0.375,0.229,0.986,0.385,0.611,0.156,2.0,6.0,1
1220,"Sunday, July 2, 2017",CLE,DET,0.341,0.282,0.449,0.364,1.132,0.825,0.683,0.462,7.0,11.0,1
1221,"Sunday, July 2, 2017",NYY,HOU,0.188,0.368,0.297,0.415,0.547,1.125,0.25,0.711,9.0,1.0,0
1222,"Sunday, July 2, 2017",MIN,KCR,0.235,0.314,0.297,0.385,0.533,0.842,0.235,0.457,6.75,2.0,0
1223,"Sunday, July 2, 2017",MIA,MIL,0.395,0.212,0.5,0.27,1.198,0.695,0.698,0.424,3.0,10.0,1
1224,"Sunday, July 2, 2017",PHI,NYM,0.324,0.069,0.359,0.182,0.71,0.354,0.351,0.172,1.0,7.0,1
1225,"Sunday, July 2, 2017",ATL,OAK,0.22,0.15,0.289,0.314,0.728,0.539,0.439,0.225,2.25,3.0,1
1226,"Sunday, July 2, 2017",SFG,PIT,0.235,0.206,0.25,0.206,0.632,0.676,0.382,0.471,3.0,5.0,1
1227,"Sunday, July 2, 2017",LAD,SDP,0.257,0.355,0.366,0.412,0.766,0.96,0.4,0.548,5.62,3.0,0
1228,"Sunday, July 2, 2017",WSN,STL,0.323,0.152,0.439,0.222,1.116,0.495,0.677,0.273,2.0,6.0,1
1229,"Sunday, July 2, 2017",BOS,TOR,0.457,0.167,0.5,0.235,1.261,0.435,0.761,0.2,1.0,15.0,1
1230,"Monday, July 3, 2017",CIN,COL,0.172,0.312,0.242,0.361,0.622,0.986,0.379,0.625,5.62,3.0,0
1231,"Monday, July 3, 2017",BAL,MIL,0.188,0.333,0.235,0.378,0.454,0.742,0.219,0.364,9.0,0.0,0
1232,"Monday, July 3, 2017",LAA,MIN,0.324,0.361,0.342,0.452,0.856,1.063,0.514,0.611,10.12,5.0,0
1233,"Monday, July 3, 2017",TOR,NYY,0.242,0.267,0.306,0.371,0.669,0.738,0.364,0.367,4.5,3.0,0
1234,"Monday, July 3, 2017",CHW,OAK,0.306,0.152,0.444,0.243,0.917,0.425,0.472,0.182,2.0,5.0,1
1235,"Monday, July 3, 2017",PIT,PHI,0.125,0.233,0.152,0.258,0.339,0.725,0.188,0.467,4.5,0.0,0
1236,"Monday, July 3, 2017",KCR,SEA,0.212,0.129,0.206,0.182,0.63,0.311,0.424,0.129,1.0,3.0,1
1237,"Monday, July 3, 2017",MIA,STL,0.325,0.417,0.372,0.477,0.772,1.116,0.4,0.639,15.75,6.0,0
1238,"Monday, July 3, 2017",BOS,TEX,0.238,0.179,0.347,0.256,0.633,0.717,0.286,0.462,4.09,3.27,1
1239,"Monday, July 3, 2017",NYM,WSN,0.2,0.194,0.294,0.324,0.594,0.615,0.3,0.29,3.12,2.0,0
1240,"Tuesday, July 4, 2017",HOU,ATL,0.442,0.242,0.51,0.316,1.324,0.649,0.814,0.333,4.0,16.0,1
1241,"Tuesday, July 4, 2017",TBR,CHC,0.273,0.306,0.324,0.405,0.718,0.766,0.394,0.361,5.0,5.0,1
1242,"Tuesday, July 4, 2017",SDP,CLE,0.167,0.161,0.194,0.235,0.394,0.493,0.2,0.258,0.0,1.0,1
1243,"Tuesday, July 4, 2017",CIN,COL,0.286,0.286,0.359,0.286,0.959,0.571,0.6,0.286,1.0,8.0,1
1244,"Tuesday, July 4, 2017",SFG,DET,0.156,0.29,0.182,0.303,0.557,0.755,0.375,0.452,5.62,3.0,0
1245,"Tuesday, July 4, 2017",ARI,LAD,0.182,0.273,0.25,0.333,0.583,0.788,0.333,0.455,4.5,3.0,0
1246,"Tuesday, July 4, 2017",BAL,MIL,0.242,0.267,0.242,0.333,0.606,1.0,0.364,0.667,6.75,1.0,0
1247,"Tuesday, July 4, 2017",LAA,MIN,0.273,0.355,0.333,0.405,0.818,0.922,0.485,0.516,5.62,3.0,0
1248,"Tuesday, July 4, 2017",TOR,NYY,0.265,0.129,0.324,0.206,0.589,0.432,0.265,0.226,1.0,4.0,1
1249,"Tuesday, July 4, 2017",CHW,OAK,0.342,0.25,0.342,0.314,0.842,1.002,0.5,0.688,7.56,6.0,0
1250,"Tuesday, July 4, 2017",PIT,PHI,0.167,0.188,0.257,0.297,0.624,0.579,0.367,0.281,0.0,3.0,1
1251,"Tuesday, July 4, 2017",KCR,SEA,0.2,0.242,0.282,0.342,0.796,0.585,0.514,0.242,2.0,6.0,1
1252,"Tuesday, July 4, 2017",MIA,STL,0.286,0.206,0.306,0.27,0.734,0.564,0.429,0.294,2.0,2.0,1
1253,"Tuesday, July 4, 2017",BOS,TEX,0.413,0.27,0.449,0.341,1.101,0.801,0.652,0.459,4.0,10.0,1
1254,"Tuesday, July 4, 2017",NYM,WSN,0.306,0.378,0.359,0.452,0.915,0.912,0.556,0.459,12.38,4.0,0
1255,"Wednesday, July 5, 2017",HOU,ATL,0.39,0.229,0.432,0.25,0.993,0.621,0.561,0.371,4.0,10.0,1
1256,"Wednesday, July 5, 2017",TBR,CHC,0.258,0.323,0.294,0.447,0.617,0.931,0.323,0.484,7.88,3.0,0
1257,"Wednesday, July 5, 2017",SDP,CLE,0.342,0.368,0.39,0.368,0.917,0.868,0.526,0.5,1.0,5.0,1
1258,"Wednesday, July 5, 2017",CIN,COL,0.297,0.207,0.35,0.303,0.728,0.717,0.378,0.414,5.62,2.0,0
1259,"Wednesday, July 5, 2017",SFG,DET,0.273,0.265,0.4,0.297,0.764,0.621,0.364,0.324,4.0,5.0,1
1260,"Wednesday, July 5, 2017",ARI,LAD,0.133,0.148,0.212,0.258,0.379,0.517,0.167,0.259,1.12,0.0,0
1261,"Wednesday, July 5, 2017",BAL,MIL,0.229,0.194,0.27,0.242,0.613,0.63,0.343,0.387,3.38,0.0,0
1262,"Wednesday, July 5, 2017",LAA,MIN,0.226,0.206,0.273,0.27,0.628,0.535,0.355,0.265,1.0,2.0,1
1263,"Wednesday, July 5, 2017",TOR,NYY,0.297,0.194,0.395,0.324,1.017,0.744,0.622,0.419,6.0,7.0,1
1264,"Wednesday, July 5, 2017",CHW,OAK,0.161,0.29,0.212,0.389,0.599,0.841,0.387,0.452,6.75,4.0,0
1265,"Wednesday, July 5, 2017",PIT,PHI,0.229,0.278,0.3,0.297,0.671,0.742,0.371,0.444,2.0,3.0,1
1266,"Wednesday, July 5, 2017",KCR,SEA,0.244,0.243,0.326,0.282,0.814,0.796,0.488,0.514,5.4,6.3,1
1267,"Wednesday, July 5, 2017",MIA,STL,0.368,0.273,0.419,0.333,1.155,0.667,0.737,0.333,6.0,4.0,1
1268,"Wednesday, July 5, 2017",BOS,TEX,0.1,0.276,0.182,0.378,0.382,0.999,0.2,0.621,6.75,0.0,0
1269,"Thursday, July 6, 2017",MIL,CHC,0.342,0.194,0.458,0.242,0.932,0.565,0.474,0.323,2.0,11.0,1
1270,"Thursday, July 6, 2017",SDP,CLE,0.161,0.378,0.156,0.419,0.382,1.175,0.226,0.757,11.25,2.0,0
1271,"Thursday, July 6, 2017",CIN,COL,0.371,0.25,0.45,0.265,1.107,0.577,0.657,0.313,3.0,6.0,1
1272,"Thursday, July 6, 2017",SFG,DET,0.156,0.267,0.182,0.371,0.432,0.838,0.25,0.467,6.75,2.0,0
1273,"Thursday, July 6, 2017",ARI,LAD,0.206,0.267,0.25,0.45,0.75,0.883,0.5,0.433,5.62,4.0,0
1274,"Thursday, July 6, 2017",BAL,MIN,0.289,0.242,0.317,0.306,0.738,0.609,0.421,0.303,6.75,3.0,0
1275,"Thursday, July 6, 2017",PIT,PHI,0.289,0.222,0.325,0.3,0.878,0.559,0.553,0.259,2.0,6.0,1
1276,"Thursday, July 6, 2017",OAK,SEA,0.286,0.324,0.375,0.361,0.918,0.979,0.543,0.618,4.0,7.0,1
1277,"Thursday, July 6, 2017",MIA,STL,0.316,0.25,0.381,0.368,0.723,0.9,0.342,0.531,4.5,3.0,0
1278,"Thursday, July 6, 2017",BOS,TBR,0.2,0.25,0.306,0.273,0.506,0.804,0.2,0.531,4.5,1.0,0
1279,"Thursday, July 6, 2017",HOU,TOR,0.306,0.351,0.359,0.4,0.887,0.914,0.528,0.514,6.75,4.0,0
1280,"Thursday, July 6, 2017",ATL,WSN,0.316,0.306,0.366,0.316,0.892,0.816,0.526,0.5,2.0,5.0,1
1281,"Friday, July 7, 2017",CIN,ARI,0.235,0.258,0.257,0.343,0.698,0.827,0.441,0.484,4.5,3.0,0
1282,"Friday, July 7, 2017",PIT,CHC,0.188,0.303,0.333,0.395,0.552,1.061,0.219,0.667,6.75,0.0,0
1283,"Friday, July 7, 2017",DET,CLE,0.303,0.432,0.324,0.511,0.657,1.241,0.333,0.73,12.38,2.0,0
1284,"Friday, July 7, 2017",CHW,COL,0.314,0.395,0.351,0.439,0.808,1.176,0.457,0.737,10.12,4.0,0
1285,"Friday, July 7, 2017",KCR,LAD,0.167,0.303,0.219,0.378,0.452,0.833,0.233,0.455,4.5,1.0,0
1286,"Friday, July 7, 2017",BAL,MIN,0.333,0.389,0.351,0.405,0.962,0.933,0.611,0.528,9.0,6.0,0
1287,"Friday, July 7, 2017",MIL,NYY,0.359,0.129,0.422,0.282,1.038,0.669,0.615,0.387,2.0,9.0,1
1288,"Friday, July 7, 2017",SDP,PHI,0.235,0.25,0.25,0.289,0.779,0.706,0.529,0.417,3.0,4.0,1
1289,"Friday, July 7, 2017",OAK,SEA,0.107,0.355,0.219,0.371,0.362,0.888,0.143,0.516,7.88,2.0,0
1290,"Friday, July 7, 2017",MIA,SFG,0.4,0.161,0.415,0.188,1.015,0.51,0.6,0.323,1.0,6.0,1
1291,"Friday, July 7, 2017",NYM,STL,0.25,0.294,0.341,0.286,0.869,0.962,0.528,0.676,5.0,5.0,1
1292,"Friday, July 7, 2017",BOS,TBR,0.297,0.294,0.366,0.4,0.933,0.871,0.568,0.471,3.0,8.0,1
1293,"Friday, July 7, 2017",LAA,TEX,0.111,0.353,0.143,0.421,0.254,1.068,0.111,0.647,11.25,0.0,0
1294,"Friday, July 7, 2017",HOU,TOR,0.359,0.2,0.422,0.25,1.191,0.65,0.769,0.4,2.0,9.0,1
1295,"Friday, July 7, 2017",ATL,WSN,0.206,0.286,0.308,0.35,0.69,0.664,0.382,0.314,4.82,3.6,0
1296,"Saturday, July 8, 2017",CIN,ARI,0.212,0.097,0.325,0.176,0.901,0.273,0.576,0.097,0.0,7.0,1
1297,"Saturday, July 8, 2017",PIT,CHC,0.206,0.129,0.289,0.182,0.672,0.537,0.382,0.355,2.0,3.0,1
1298,"Saturday, July 8, 2017",DET,CLE,0.133,0.281,0.188,0.368,0.354,0.9,0.167,0.531,4.5,0.0,0
1299,"Saturday, July 8, 2017",CHW,COL,0.281,0.235,0.351,0.289,0.914,0.731,0.563,0.441,4.0,5.0,1
1300,"Saturday, July 8, 2017",KCR,LAD,0.275,0.235,0.326,0.325,0.701,0.796,0.375,0.471,5.0,2.7,0
1301,"Saturday, July 8, 2017",BAL,MIN,0.206,0.257,0.289,0.333,0.731,0.676,0.441,0.343,1.0,5.0,1
1302,"Saturday, July 8, 2017",MIL,NYY,0.188,0.194,0.257,0.265,0.57,0.652,0.313,0.387,5.4,3.0,0
1303,"Saturday, July 8, 2017",SDP,PHI,0.156,0.138,0.206,0.219,0.487,0.495,0.281,0.276,1.0,2.0,1
1304,"Saturday, July 8, 2017",OAK,SEA,0.25,0.212,0.341,0.257,0.814,0.681,0.472,0.424,3.0,4.0,1
1305,"Saturday, July 8, 2017",MIA,SFG,0.278,0.206,0.297,0.308,0.77,0.602,0.472,0.294,4.0,5.0,1
1306,"Saturday, July 8, 2017",NYM,STL,0.206,0.344,0.206,0.432,0.5,1.057,0.294,0.625,4.5,1.0,0
1307,"Saturday, July 8, 2017",BOS,TBR,0.097,0.207,0.176,0.25,0.306,0.56,0.129,0.31,1.12,0.0,0
1308,"Saturday, July 8, 2017",LAA,TEX,0.212,0.312,0.316,0.405,0.679,1.03,0.364,0.625,5.62,2.0,0
1309,"Saturday, July 8, 2017",HOU,TOR,0.233,0.258,0.303,0.395,0.67,0.879,0.367,0.484,7.88,2.0,0
1310,"Saturday, July 8, 2017",ATL,WSN,0.357,0.125,0.426,0.222,0.997,0.378,0.571,0.156,0.0,10.0,1
1311,"Sunday, July 9, 2017",CIN,ARI,0.229,0.233,0.27,0.343,0.585,0.71,0.314,0.367,1.0,2.0,1
1312,"Sunday, July 9, 2017",PIT,CHC,0.316,0.314,0.447,0.4,1.078,0.829,0.632,0.429,3.0,8.0,1
1313,"Sunday, July 9, 2017",DET,CLE,0.27,0.235,0.372,0.316,0.696,0.669,0.324,0.353,2.0,5.0,1
1314,"Sunday, July 9, 2017",CHW,COL,0.038,0.343,0.167,0.439,0.205,0.982,0.038,0.543,11.25,0.0,0
1315,"Sunday, July 9, 2017",KCR,LAD,0.182,0.2,0.182,0.2,0.485,0.767,0.303,0.567,5.62,2.0,0
1316,"Sunday, July 9, 2017",BAL,MIN,0.375,0.152,0.395,0.263,0.97,0.536,0.575,0.273,4.0,11.0,1
1317,"Sunday, July 9, 2017",MIL,NYY,0.257,0.229,0.35,0.325,0.779,0.668,0.429,0.343,3.0,5.0,1
1318,"Sunday, July 9, 2017",SDP,PHI,0.257,0.281,0.308,0.303,0.593,1.178,0.286,0.875,7.88,1.0,0
1319,"Sunday, July 9, 2017",OAK,SEA,0.071,0.25,0.212,0.323,0.319,0.715,0.107,0.393,4.5,0.0,0
1320,"Sunday, July 9, 2017",MIA,SFG,0.283,0.304,0.404,0.333,0.969,0.855,0.565,0.522,6.55,6.55,1
1321,"Sunday, July 9, 2017",NYM,STL,0.107,0.294,0.138,0.333,0.245,0.922,0.107,0.588,6.75,0.0,0
1322,"Sunday, July 9, 2017",BOS,TBR,0.257,0.25,0.333,0.324,0.762,0.752,0.429,0.429,5.62,3.0,0
1323,"Sunday, July 9, 2017",LAA,TEX,0.172,0.077,0.286,0.25,0.631,0.365,0.345,0.115,0.0,3.0,1
1324,"Sunday, July 9, 2017",HOU,TOR,0.378,0.212,0.481,0.316,1.281,0.649,0.8,0.333,1.0,14.0,1
1325,"Sunday, July 9, 2017",ATL,WSN,0.212,0.364,0.278,0.452,0.763,0.907,0.485,0.455,10.12,4.0,0
1326,"Friday, July 14, 2017",TBR,LAA,0.121,0.143,0.171,0.231,0.444,0.488,0.273,0.257,0.9,1.8,1
1327,"Friday, July 14, 2017",ARI,ATL,0.286,0.265,0.359,0.265,0.759,0.706,0.4,0.441,4.5,2.0,0
1328,"Friday, July 14, 2017",CHC,BAL,0.278,0.27,0.316,0.4,1.094,0.914,0.778,0.514,8.0,9.0,1
1329,"Friday, July 14, 2017",NYY,BOS,0.188,0.286,0.235,0.39,0.548,0.762,0.313,0.371,4.5,4.0,0
1330,"Friday, July 14, 2017",SEA,CHW,0.286,0.156,0.359,0.156,0.816,0.375,0.457,0.219,2.0,4.0,1
1331,"Friday, July 14, 2017",WSN,CIN,0.257,0.212,0.333,0.257,0.848,0.5,0.514,0.242,0.0,5.0,1
1332,"Friday, July 14, 2017",TOR,DET,0.235,0.278,0.4,0.316,0.841,0.705,0.441,0.389,1.0,6.0,1
1333,"Friday, July 14, 2017",MIN,HOU,0.156,0.378,0.349,0.455,0.693,1.076,0.344,0.622,4.5,4.0,0
1334,"Friday, July 14, 2017",TEX,KCR,0.2,0.25,0.263,0.273,0.635,0.679,0.371,0.406,3.0,5.0,1
1335,"Friday, July 14, 2017",LAD,MIA,0.294,0.235,0.333,0.297,0.922,0.65,0.588,0.353,4.0,5.0,1
1336,"Friday, July 14, 2017",PHI,MIL,0.257,0.242,0.357,0.316,0.814,0.801,0.457,0.485,10.12,5.0,0
1337,"Friday, July 14, 2017",COL,NYM,0.188,0.452,0.235,0.531,0.454,1.197,0.219,0.667,15.75,1.0,0
1338,"Friday, July 14, 2017",CLE,OAK,0.125,0.207,0.152,0.273,0.308,0.824,0.156,0.552,5.62,0.0,0
1339,"Friday, July 14, 2017",STL,PIT,0.182,0.353,0.182,0.45,0.455,0.979,0.273,0.529,5.4,2.0,0
1340,"Friday, July 14, 2017",SFG,SDP,0.378,0.306,0.415,0.39,0.982,0.807,0.568,0.417,4.0,5.0,1
1341,"Saturday, July 15, 2017",TBR,LAA,0.359,0.242,0.381,0.306,0.971,0.76,0.59,0.455,3.0,6.0,1
1342,"Saturday, July 15, 2017",ARI,ATL,0.27,0.378,0.372,0.41,0.669,1.032,0.297,0.622,9.0,5.0,0
1343,"Saturday, July 15, 2017",CHC,BAL,0.39,0.212,0.444,0.297,1.152,0.6,0.707,0.303,2.0,9.0,1
1344,"Saturday, July 15, 2017",NYY,BOS,0.164,0.151,0.277,0.207,0.55,0.358,0.273,0.151,0.56,2.25,1
1345,"Saturday, July 15, 2017",SEA,CHW,0.188,0.229,0.235,0.308,0.61,0.679,0.375,0.371,1.0,3.0,1
1346,"Saturday, July 15, 2017",WSN,CIN,0.316,0.243,0.409,0.364,0.988,0.742,0.579,0.378,6.0,10.0,1
1347,"Saturday, July 15, 2017",TOR,DET,0.071,0.4,0.103,0.488,0.175,1.203,0.071,0.714,12.38,1.0,0
1348,"Saturday, July 15, 2017",MIN,HOU,0.297,0.212,0.366,0.35,0.798,0.683,0.432,0.333,2.0,4.0,1
1349,"Saturday, July 15, 2017",TEX,KCR,0.172,0.133,0.172,0.188,0.414,0.354,0.241,0.167,0.0,1.0,1
1350,"Saturday, July 15, 2017",LAD,MIA,0.333,0.242,0.419,0.286,1.113,0.558,0.694,0.273,1.0,7.0,1
1351,"Saturday, July 15, 2017",PHI,MIL,0.143,0.25,0.242,0.294,0.564,0.794,0.321,0.5,3.38,2.0,0
1352,"Saturday, July 15, 2017",COL,NYM,0.219,0.242,0.278,0.324,0.653,0.87,0.375,0.545,6.75,3.0,0
1353,"Saturday, July 15, 2017",CLE,OAK,0.161,0.2,0.257,0.226,0.515,0.759,0.258,0.533,5.62,3.0,0
1354,"Saturday, July 15, 2017",STL,PIT,0.25,0.257,0.294,0.278,0.638,0.592,0.344,0.314,0.0,4.0,1
1355,"Saturday, July 15, 2017",SFG,SDP,0.188,0.233,0.297,0.303,0.641,0.87,0.344,0.567,5.4,3.0,0
1356,"Sunday, July 16, 2017",TBR,LAA,0.281,0.267,0.324,0.371,0.73,0.771,0.406,0.4,4.5,3.0,0
1357,"Sunday, July 16, 2017",ARI,ATL,0.133,0.242,0.212,0.286,0.345,0.831,0.133,0.545,6.75,1.0,0
1358,"Sunday, July 16, 2017",CHC,BAL,0.375,0.103,0.419,0.133,1.019,0.271,0.6,0.138,0.0,8.0,1
1359,"Sunday, July 16, 2017",NYY,BOS,0.316,0.133,0.325,0.297,0.746,0.464,0.421,0.167,0.0,1.0,1
1360,"Sunday, July 16, 2017",NYY,BOS,0.229,0.258,0.25,0.258,0.536,0.645,0.286,0.387,3.38,0.0,0
1361,"Sunday, July 16, 2017",SEA,CHW,0.256,0.243,0.318,0.3,0.831,0.841,0.513,0.541,5.4,5.4,1
1362,"Sunday, July 16, 2017",WSN,CIN,0.386,0.194,0.438,0.293,1.233,0.487,0.795,0.194,1.0,14.0,1
1363,"Sunday, July 16, 2017",TOR,DET,0.238,0.216,0.289,0.354,0.741,0.733,0.452,0.378,4.22,4.09,0
1364,"Sunday, July 16, 2017",MIN,HOU,0.167,0.233,0.188,0.324,0.554,0.657,0.367,0.333,5.62,3.0,0
1365,"Sunday, July 16, 2017",TEX,KCR,0.219,0.257,0.265,0.333,0.702,0.648,0.438,0.314,2.08,3.0,0
1366,"Sunday, July 16, 2017",LAD,MIA,0.219,0.257,0.333,0.257,0.708,0.629,0.375,0.371,2.0,3.0,1
1367,"Sunday, July 16, 2017",PHI,MIL,0.286,0.206,0.359,0.25,0.788,0.574,0.429,0.324,2.0,5.0,1
1368,"Sunday, July 16, 2017",COL,NYM,0.422,0.242,0.46,0.278,1.238,0.732,0.778,0.455,4.0,13.0,1
1369,"Sunday, July 16, 2017",CLE,OAK,0.235,0.312,0.297,0.421,0.738,0.89,0.441,0.469,7.88,3.0,0
1370,"Sunday, July 16, 2017",STL,PIT,0.333,0.235,0.385,0.297,0.857,0.65,0.472,0.353,4.15,2.0,0
1371,"Sunday, July 16, 2017",SFG,SDP,0.257,0.333,0.278,0.353,0.678,0.989,0.4,0.636,7.88,1.0,0
1372,"Monday, July 17, 2017",CHC,ATL,0.25,0.188,0.325,0.257,0.769,0.445,0.444,0.188,3.0,4.0,1
1373,"Monday, July 17, 2017",TEX,BAL,0.107,0.286,0.265,0.323,0.408,0.751,0.143,0.429,3.38,1.0,0
1374,"Monday, July 17, 2017",TOR,BOS,0.235,0.194,0.333,0.257,0.716,0.515,0.382,0.258,0.0,4.0,1
1375,"Monday, July 17, 2017",WSN,CIN,0.306,0.138,0.366,0.219,1.005,0.46,0.639,0.241,1.0,6.0,1
1376,"Monday, July 17, 2017",SDP,COL,0.342,0.355,0.381,0.462,0.96,1.074,0.579,0.613,7.88,6.0,0
1377,"Monday, July 17, 2017",SEA,HOU,0.268,0.3,0.333,0.362,0.967,0.887,0.634,0.525,6.3,7.2,1
1378,"Monday, July 17, 2017",DET,KCR,0.385,0.229,0.457,0.325,1.149,0.668,0.692,0.343,2.0,10.0,1
1379,"Monday, July 17, 2017",PHI,MIA,0.176,0.243,0.31,0.391,0.574,0.959,0.265,0.568,5.59,4.5,0
1380,"Monday, July 17, 2017",NYY,MIN,0.242,0.294,0.306,0.351,0.73,0.734,0.424,0.382,3.38,2.0,0
1381,"Monday, July 17, 2017",STL,NYM,0.27,0.229,0.357,0.308,0.817,0.793,0.459,0.486,2.0,6.0,1
1382,"Monday, July 17, 2017",TBR,OAK,0.235,0.067,0.278,0.152,0.748,0.352,0.471,0.2,2.0,3.0,1
1383,"Monday, July 17, 2017",MIL,PIT,0.229,0.382,0.325,0.421,0.582,0.892,0.257,0.471,4.5,2.0,0
1384,"Monday, July 17, 2017",CLE,SFG,0.222,0.194,0.263,0.194,0.624,0.452,0.361,0.258,3.0,3.0,1
1385,"Tuesday, July 18, 2017",WSN,LAA,0.324,0.133,0.342,0.161,0.964,0.528,0.622,0.367,3.0,4.0,1
1386,"Tuesday, July 18, 2017",CHC,ATL,0.235,0.212,0.35,0.278,0.762,0.611,0.412,0.333,1.0,5.0,1
1387,"Tuesday, July 18, 2017",TEX,BAL,0.188,0.4,0.235,0.478,0.517,1.228,0.281,0.75,12.38,1.0,0
1388,"Tuesday, July 18, 2017",TOR,BOS,0.278,0.236,0.333,0.276,0.685,0.712,0.352,0.436,3.14,2.4,0
1389,"Tuesday, July 18, 2017",LAD,CHW,0.281,0.242,0.41,0.265,0.785,0.507,0.375,0.242,0.0,1.0,1
1390,"Tuesday, July 18, 2017",ARI,CIN,0.343,0.188,0.467,0.257,1.21,0.663,0.743,0.406,2.0,11.0,1
1391,"Tuesday, July 18, 2017",SDP,COL,0.257,0.324,0.325,0.4,0.811,0.959,0.486,0.559,7.88,6.0,0
1392,"Tuesday, July 18, 2017",SEA,HOU,0.182,0.345,0.206,0.394,0.418,1.049,0.212,0.655,6.75,2.0,0
1393,"Tuesday, July 18, 2017",DET,KCR,0.381,0.286,0.372,0.333,1.039,0.648,0.667,0.314,3.0,8.0,1
1394,"Tuesday, July 18, 2017",PHI,MIA,0.351,0.167,0.4,0.194,0.968,0.46,0.568,0.267,1.0,5.0,1
1395,"Tuesday, July 18, 2017",NYY,MIN,0.333,0.206,0.35,0.357,0.837,0.828,0.487,0.471,3.0,6.0,1
1396,"Tuesday, July 18, 2017",STL,NYM,0.333,0.1,0.357,0.129,0.767,0.262,0.41,0.133,0.0,3.0,1
1397,"Tuesday, July 18, 2017",TBR,OAK,0.188,0.133,0.25,0.235,0.531,0.469,0.281,0.233,3.0,3.0,1
1398,"Tuesday, July 18, 2017",MIL,PIT,0.351,0.207,0.368,0.258,0.828,0.672,0.459,0.414,4.5,3.0,0
1399,"Tuesday, July 18, 2017",CLE,SFG,0.206,0.206,0.25,0.289,0.515,0.554,0.265,0.265,1.0,0.9,0
1400,"Wednesday, July 19, 2017",WSN,LAA,0.036,0.281,0.069,0.351,0.14,0.82,0.071,0.469,7.88,0.0,0
1401,"Wednesday, July 19, 2017",CHC,ATL,0.342,0.188,0.39,0.235,1.074,0.642,0.684,0.406,2.0,7.0,1
1402,"Wednesday, July 19, 2017",TEX,BAL,0.235,0.314,0.297,0.351,0.65,0.866,0.353,0.514,6.75,2.0,0
1403,"Wednesday, July 19, 2017",TOR,BOS,0.172,0.241,0.286,0.353,0.458,0.629,0.172,0.276,3.38,0.0,0
1404,"Wednesday, July 19, 2017",LAD,CHW,0.382,0.231,0.462,0.259,1.285,0.644,0.824,0.385,1.29,10.57,1
1405,"Wednesday, July 19, 2017",ARI,CIN,0.19,0.349,0.227,0.417,0.561,0.882,0.333,0.465,3.48,2.45,0
1406,"Wednesday, July 19, 2017",SDP,COL,0.303,0.488,0.378,0.51,0.803,1.417,0.424,0.907,19.12,4.0,0
1407,"Wednesday, July 19, 2017",SEA,HOU,0.182,0.25,0.206,0.286,0.539,0.567,0.333,0.281,1.0,4.0,1
1408,"Wednesday, July 19, 2017",DET,KCR,0.206,0.25,0.27,0.306,0.564,0.774,0.294,0.469,4.15,3.0,0
1409,"Wednesday, July 19, 2017",PHI,MIA,0.476,0.212,0.51,0.257,1.176,0.651,0.667,0.394,3.0,10.0,1
1410,"Wednesday, July 19, 2017",NYY,MIN,0.219,0.226,0.324,0.273,0.543,0.66,0.219,0.387,6.75,1.0,0
1411,"Wednesday, July 19, 2017",STL,NYM,0.27,0.342,0.341,0.359,0.639,0.78,0.297,0.421,4.5,3.0,0
1412,"Wednesday, July 19, 2017",TBR,OAK,0.257,0.355,0.297,0.447,0.64,0.996,0.343,0.548,7.88,2.0,0
1413,"Wednesday, July 19, 2017",MIL,PIT,0.216,0.324,0.237,0.366,0.561,0.717,0.324,0.351,1.86,1.8,0
1414,"Wednesday, July 19, 2017",CLE,SFG,0.257,0.281,0.35,0.343,0.721,0.843,0.371,0.5,2.25,4.0,0
1415,"Thursday, July 20, 2017",TEX,BAL,0.265,0.389,0.359,0.45,0.8,1.228,0.441,0.778,10.12,7.0,0
1416,"Thursday, July 20, 2017",TOR,BOS,0.243,0.265,0.364,0.375,0.85,0.787,0.486,0.412,5.0,4.0,1
1417,"Thursday, July 20, 2017",ARI,CIN,0.257,0.242,0.325,0.265,1.068,0.719,0.743,0.455,2.0,12.0,1
1418,"Thursday, July 20, 2017",DET,KCR,0.297,0.442,0.333,0.479,0.712,1.13,0.378,0.651,14.62,4.0,0
1419,"Thursday, July 20, 2017",ATL,LAD,0.314,0.206,0.351,0.27,0.837,0.682,0.486,0.412,3.0,6.0,1
1420,"Thursday, July 20, 2017",STL,NYM,0.188,0.188,0.235,0.235,0.579,0.642,0.344,0.406,3.12,2.0,0
1421,"Thursday, July 20, 2017",MIL,PIT,0.265,0.267,0.342,0.29,0.695,0.657,0.353,0.367,4.5,2.0,0
1422,"Thursday, July 20, 2017",NYY,SEA,0.206,0.27,0.27,0.325,0.594,0.676,0.324,0.351,1.0,1.0,1
1423,"Thursday, July 20, 2017",SDP,SFG,0.265,0.235,0.306,0.278,0.806,0.572,0.5,0.294,2.0,5.0,1
1424,"Friday, July 21, 2017",BOS,LAA,0.257,0.212,0.278,0.297,0.592,0.631,0.314,0.333,2.0,6.0,1
1425,"Friday, July 21, 2017",WSN,ARI,0.235,0.324,0.316,0.405,0.698,1.134,0.382,0.73,6.48,5.0,0
1426,"Friday, July 21, 2017",HOU,BAL,0.39,0.308,0.405,0.341,1.112,0.777,0.707,0.436,7.0,8.0,1
1427,"Friday, July 21, 2017",STL,CHC,0.297,0.316,0.422,0.325,0.936,0.746,0.514,0.421,2.0,11.0,1
1428,"Friday, July 21, 2017",MIA,CIN,0.294,0.143,0.333,0.265,0.745,0.443,0.412,0.179,1.0,2.0,1
1429,"Friday, July 21, 2017",TOR,CLE,0.273,0.395,0.359,0.477,0.783,1.214,0.424,0.737,14.62,3.0,0
1430,"Friday, July 21, 2017",PIT,COL,0.429,0.273,0.538,0.314,1.205,0.769,0.667,0.455,5.0,13.0,1
1431,"Friday, July 21, 2017",CHW,KCR,0.263,0.35,0.317,0.413,0.685,0.938,0.368,0.525,6.75,4.5,0
1432,"Friday, July 21, 2017",ATL,LAD,0.317,0.212,0.391,0.257,0.952,0.59,0.561,0.333,3.0,10.0,1
1433,"Friday, July 21, 2017",DET,MIN,0.314,0.212,0.375,0.297,0.975,0.54,0.6,0.242,3.0,6.0,1
1434,"Friday, July 21, 2017",OAK,NYM,0.359,0.312,0.395,0.353,0.78,0.853,0.385,0.5,6.75,5.0,0
1435,"Friday, July 21, 2017",MIL,PHI,0.194,0.267,0.242,0.378,0.565,0.812,0.323,0.433,6.75,1.0,0
1436,"Friday, July 21, 2017",NYY,SEA,0.314,0.212,0.342,0.297,0.799,0.57,0.457,0.273,1.0,5.0,1
1437,"Friday, July 21, 2017",SDP,SFG,0.4,0.256,0.464,0.333,1.164,0.705,0.7,0.372,6.55,9.82,1
1438,"Friday, July 21, 2017",TEX,TBR,0.2,0.167,0.263,0.189,0.663,0.634,0.4,0.444,2.7,3.6,1
1439,"Saturday, July 22, 2017",BOS,LAA,0.188,0.294,0.257,0.368,0.507,0.81,0.25,0.441,6.75,1.0,0
1440,"Saturday, July 22, 2017",WSN,ARI,0.316,0.129,0.333,0.176,0.886,0.435,0.553,0.258,2.0,4.0,1
1441,"Saturday, July 22, 2017",HOU,BAL,0.366,0.129,0.372,0.229,1.006,0.551,0.634,0.323,4.0,7.0,1
1442,"Saturday, July 22, 2017",STL,CHC,0.103,0.2,0.188,0.226,0.498,0.559,0.31,0.333,3.38,2.0,0
1443,"Saturday, July 22, 2017",MIA,CIN,0.278,0.267,0.316,0.436,0.788,0.869,0.472,0.433,4.0,5.0,1
1444,"Saturday, July 22, 2017",TOR,CLE,0.094,0.188,0.147,0.316,0.335,0.628,0.188,0.313,2.0,0.9,0
1445,"Saturday, July 22, 2017",PIT,COL,0.194,0.382,0.342,0.421,0.665,1.009,0.323,0.588,7.88,3.0,0
1446,"Saturday, July 22, 2017",CHW,KCR,0.235,0.3,0.297,0.417,0.65,1.217,0.353,0.8,7.88,2.0,0
1447,"Saturday, July 22, 2017",ATL,LAD,0.182,0.333,0.25,0.351,0.492,0.99,0.242,0.639,5.62,2.0,0
1448,"Saturday, July 22, 2017",DET,MIN,0.235,0.4,0.316,0.439,0.698,0.896,0.382,0.457,6.75,4.0,0
1449,"Saturday, July 22, 2017",OAK,NYM,0.303,0.359,0.4,0.375,0.915,1.093,0.515,0.718,6.23,5.0,0
1450,"Saturday, July 22, 2017",MIL,PHI,0.342,0.325,0.419,0.341,0.998,0.966,0.579,0.625,8.0,9.0,1
1451,"Saturday, July 22, 2017",NYY,SEA,0.257,0.27,0.3,0.325,0.786,0.866,0.486,0.541,6.0,4.5,0
1452,"Saturday, July 22, 2017",SDP,SFG,0.186,0.255,0.239,0.314,0.565,0.612,0.326,0.298,1.54,3.0,0
1453,"Saturday, July 22, 2017",TEX,TBR,0.152,0.212,0.176,0.297,0.449,0.54,0.273,0.242,3.0,1.0,1
1454,"Sunday, July 23, 2017",BOS,LAA,0.188,0.172,0.212,0.226,0.493,0.709,0.281,0.483,3.38,2.0,0
1455,"Sunday, July 23, 2017",WSN,ARI,0.257,0.182,0.308,0.325,0.736,0.507,0.429,0.182,2.0,5.0,1
1456,"Sunday, July 23, 2017",HOU,BAL,0.278,0.438,0.357,0.5,0.857,1.125,0.5,0.625,10.12,7.0,0
1457,"Sunday, July 23, 2017",STL,CHC,0.219,0.2,0.306,0.226,0.743,0.726,0.438,0.5,5.62,3.0,0
1458,"Sunday, July 23, 2017",MIA,CIN,0.206,0.3,0.229,0.4,0.552,1.0,0.324,0.6,5.62,2.0,0
1459,"Sunday, July 23, 2017",TOR,CLE,0.194,0.324,0.242,0.39,0.533,0.877,0.29,0.486,9.0,1.0,0
1460,"Sunday, July 23, 2017",PIT,COL,0.297,0.395,0.366,0.452,0.798,1.268,0.432,0.816,14.62,3.0,0
1461,"Sunday, July 23, 2017",CHW,KCR,0.286,0.267,0.306,0.353,0.706,1.086,0.4,0.733,5.62,4.0,0
1462,"Sunday, July 23, 2017",ATL,LAD,0.143,0.229,0.211,0.341,0.468,0.77,0.257,0.429,4.82,3.6,0
1463,"Sunday, July 23, 2017",DET,MIN,0.381,0.257,0.447,0.35,1.018,0.836,0.571,0.486,6.0,8.0,1
1464,"Sunday, July 23, 2017",OAK,NYM,0.3,0.176,0.344,0.222,0.977,0.516,0.633,0.294,2.0,3.0,1
1465,"Sunday, July 23, 2017",MIL,PHI,0.167,0.267,0.242,0.389,0.442,0.756,0.2,0.367,5.62,3.0,0
1466,"Sunday, July 23, 2017",NYY,SEA,0.278,0.212,0.395,0.235,1.034,0.538,0.639,0.303,4.0,6.0,1
1467,"Sunday, July 23, 2017",SDP,SFG,0.25,0.229,0.325,0.25,0.742,0.536,0.417,0.286,2.0,5.0,1
1468,"Sunday, July 23, 2017",TEX,TBR,0.235,0.188,0.341,0.35,1.018,0.569,0.676,0.219,4.0,6.0,1
1469,"Monday, July 24, 2017",ATL,ARI,0.161,0.371,0.161,0.488,0.516,1.146,0.355,0.657,11.25,2.0,0
1470,"Monday, July 24, 2017",CHW,CHC,0.27,0.257,0.289,0.35,0.749,0.664,0.459,0.314,1.0,3.0,1
1471,"Monday, July 24, 2017",CIN,CLE,0.167,0.31,0.219,0.371,0.585,0.992,0.367,0.621,6.75,2.0,0
1472,"Monday, July 24, 2017",KCR,DET,0.19,0.167,0.222,0.255,0.627,0.422,0.405,0.167,2.25,3.75,1
1473,"Monday, July 24, 2017",MIN,LAD,0.273,0.344,0.385,0.344,0.869,1.031,0.485,0.688,6.75,4.0,0
1474,"Monday, July 24, 2017",HOU,PHI,0.439,0.278,0.51,0.35,1.266,0.767,0.756,0.417,4.0,12.0,1
1475,"Monday, July 24, 2017",NYM,SDP,0.324,0.235,0.375,0.278,0.916,0.748,0.541,0.471,3.0,5.0,1
1476,"Monday, July 24, 2017",BOS,SEA,0.129,0.2,0.129,0.273,0.258,0.706,0.129,0.433,4.5,0.0,0
1477,"Monday, July 24, 2017",PIT,SFG,0.359,0.265,0.405,0.375,0.995,0.669,0.59,0.294,3.0,6.0,1
1478,"Monday, July 24, 2017",COL,STL,0.206,0.364,0.229,0.462,0.523,1.159,0.294,0.697,9.0,2.0,0
1479,"Monday, July 24, 2017",BAL,TBR,0.257,0.2,0.27,0.314,0.642,0.614,0.371,0.3,0.0,4.0,1
1480,"Monday, July 24, 2017",MIA,TEX,0.242,0.242,0.324,0.286,0.809,0.589,0.485,0.303,0.0,4.0,1
1481,"Monday, July 24, 2017",OAK,TOR,0.074,0.258,0.167,0.378,0.352,0.83,0.185,0.452,4.5,2.0,0
1482,"Tuesday, July 25, 2017",ATL,ARI,0.25,0.229,0.341,0.341,0.98,0.684,0.639,0.343,3.0,6.0,1
1483,"Tuesday, July 25, 2017",CHW,CHC,0.219,0.303,0.359,0.455,0.703,0.97,0.344,0.515,7.88,2.0,0
1484,"Tuesday, July 25, 2017",LAA,CLE,0.302,0.333,0.362,0.469,0.897,1.085,0.535,0.615,9.9,4.91,0
1485,"Tuesday, July 25, 2017",KCR,DET,0.242,0.235,0.235,0.278,0.569,0.601,0.333,0.324,1.0,3.0,1
1486,"Tuesday, July 25, 2017",MIN,LAD,0.152,0.355,0.222,0.394,0.374,0.846,0.152,0.452,6.75,1.0,0
1487,"Tuesday, July 25, 2017",CIN,NYY,0.103,0.276,0.188,0.333,0.36,0.747,0.172,0.414,4.5,2.0,0
1488,"Tuesday, July 25, 2017",HOU,PHI,0.219,0.121,0.257,0.194,0.57,0.437,0.313,0.242,0.0,5.0,1
1489,"Tuesday, July 25, 2017",NYM,SDP,0.257,0.278,0.297,0.27,0.783,0.742,0.486,0.472,4.0,5.0,1
1490,"Tuesday, July 25, 2017",BOS,SEA,0.188,0.213,0.278,0.327,0.549,0.689,0.271,0.362,4.26,3.46,0
1491,"Tuesday, July 25, 2017",PIT,SFG,0.316,0.359,0.341,0.419,0.736,0.983,0.395,0.564,11.25,3.0,0
1492,"Tuesday, July 25, 2017",COL,STL,0.214,0.364,0.303,0.353,0.696,0.838,0.393,0.485,3.12,2.0,0
1493,"Tuesday, July 25, 2017",BAL,TBR,0.286,0.222,0.35,0.333,0.75,0.704,0.4,0.37,5.62,4.0,0
1494,"Tuesday, July 25, 2017",MIA,TEX,0.235,0.417,0.316,0.476,0.728,1.337,0.412,0.861,11.25,4.0,0
1495,"Tuesday, July 25, 2017",OAK,TOR,0.194,0.2,0.242,0.314,0.533,0.581,0.29,0.267,0.0,1.0,0
1496,"Tuesday, July 25, 2017",MIL,WSN,0.289,0.156,0.386,0.229,0.913,0.479,0.526,0.25,0.0,4.0,1
1497,"Wednesday, July 26, 2017",ATL,ARI,0.306,0.353,0.381,0.477,0.77,1.271,0.389,0.794,11.25,3.0,0
1498,"Wednesday, July 26, 2017",CHC,CHW,0.27,0.167,0.391,0.212,0.797,0.612,0.405,0.4,3.0,5.0,1
1499,"Wednesday, July 26, 2017",LAA,CLE,0.333,0.459,0.368,0.512,0.868,1.107,0.5,0.595,11.25,4.0,0
1500,"Wednesday, July 26, 2017",KCR,DET,0.468,0.226,0.527,0.294,1.102,0.552,0.574,0.258,1.0,16.0,1
1501,"Wednesday, July 26, 2017",MIN,LAD,0.2,0.306,0.222,0.333,0.508,0.833,0.286,0.5,6.23,0.0,0
1502,"Wednesday, July 26, 2017",CIN,NYY,0.121,0.324,0.194,0.375,0.437,0.889,0.242,0.514,7.88,3.0,0
1503,"Wednesday, July 26, 2017",HOU,PHI,0.257,0.368,0.278,0.442,0.592,1.231,0.314,0.789,10.12,0.0,0
1504,"Wednesday, July 26, 2017",NYM,SDP,0.156,0.303,0.25,0.343,0.5,0.919,0.25,0.576,6.75,3.0,0
1505,"Wednesday, July 26, 2017",BOS,SEA,0.265,0.156,0.297,0.229,0.797,0.447,0.5,0.219,0.0,4.0,1
1506,"Wednesday, July 26, 2017",PIT,SFG,0.161,0.233,0.212,0.324,0.406,0.69,0.194,0.367,2.25,1.0,0
1507,"Wednesday, July 26, 2017",COL,STL,0.265,0.405,0.306,0.5,0.717,1.068,0.412,0.568,10.12,5.0,0
1508,"Wednesday, July 26, 2017",BAL,TBR,0.194,0.267,0.219,0.333,0.574,0.833,0.355,0.5,5.62,1.0,0
1509,"Wednesday, July 26, 2017",MIA,TEX,0.468,0.286,0.519,0.426,1.497,0.94,0.979,0.514,10.0,22.0,1
1510,"Wednesday, July 26, 2017",OAK,TOR,0.1,0.185,0.229,0.29,0.462,0.772,0.233,0.481,3.38,2.0,0
1511,"Wednesday, July 26, 2017",MIL,WSN,0.25,0.294,0.289,0.333,0.789,0.833,0.5,0.5,9.0,5.0,0
1512,"Thursday, July 27, 2017",CHC,CHW,0.273,0.156,0.324,0.182,0.961,0.619,0.636,0.438,3.0,6.0,1
1513,"Thursday, July 27, 2017",LAA,CLE,0.219,0.192,0.242,0.344,0.524,0.69,0.281,0.346,2.25,1.0,0
1514,"Thursday, July 27, 2017",CIN,MIA,0.278,0.259,0.35,0.432,0.656,0.803,0.306,0.37,4.5,1.0,0
1515,"Thursday, July 27, 2017",TBR,NYY,0.25,0.333,0.267,0.378,0.721,0.925,0.455,0.548,5.4,4.09,0
1516,"Thursday, July 27, 2017",NYM,SDP,0.278,0.25,0.316,0.4,0.788,0.9,0.472,0.5,6.75,5.0,0
1517,"Thursday, July 27, 2017",ARI,STL,0.25,0.161,0.294,0.212,0.669,0.373,0.375,0.161,0.0,4.0,1
1518,"Thursday, July 27, 2017",OAK,TOR,0.243,0.263,0.378,0.333,0.621,0.991,0.243,0.658,7.45,3.6,0
1519,"Thursday, July 27, 2017",MIL,WSN,0.133,0.452,0.212,0.511,0.545,1.653,0.333,1.143,16.88,2.0,0
1520,"Friday, July 28, 2017",KCR,BOS,0.25,0.212,0.273,0.257,0.741,0.56,0.469,0.303,2.0,4.0,1
1521,"Friday, July 28, 2017",CLE,CHW,0.4,0.182,0.478,0.308,1.128,0.611,0.65,0.303,2.0,9.0,1
1522,"Friday, July 28, 2017",HOU,DET,0.265,0.257,0.25,0.35,0.809,0.836,0.559,0.486,5.0,6.0,1
1523,"Friday, July 28, 2017",SFG,LAD,0.235,0.207,0.235,0.324,0.618,0.806,0.382,0.483,5.62,4.0,0
1524,"Friday, July 28, 2017",CIN,MIA,0.219,0.303,0.306,0.429,0.712,1.065,0.406,0.636,5.62,4.0,0
1525,"Friday, July 28, 2017",CHC,MIL,0.167,0.138,0.242,0.219,0.509,0.391,0.267,0.172,2.25,1.0,0
1526,"Friday, July 28, 2017",TBR,NYY,0.069,0.179,0.069,0.281,0.241,0.781,0.172,0.5,6.75,1.0,0
1527,"Friday, July 28, 2017",MIN,OAK,0.306,0.242,0.419,0.324,0.807,0.688,0.389,0.364,3.0,5.0,1
1528,"Friday, July 28, 2017",ATL,PHI,0.306,0.343,0.375,0.41,0.875,1.153,0.5,0.743,11.25,3.0,0
1529,"Friday, July 28, 2017",PIT,SDP,0.103,0.214,0.188,0.371,0.394,0.657,0.207,0.286,2.25,2.0,0
1530,"Friday, July 28, 2017",NYM,SEA,0.278,0.25,0.289,0.359,0.845,0.734,0.556,0.375,5.0,6.0,1
1531,"Friday, July 28, 2017",ARI,STL,0.212,0.258,0.235,0.303,0.538,0.593,0.303,0.29,0.0,0.0,0
1532,"Friday, July 28, 2017",BAL,TEX,0.188,0.294,0.257,0.333,0.538,0.833,0.281,0.5,9.0,1.0,0
1533,"Friday, July 28, 2017",LAA,TOR,0.289,0.182,0.357,0.206,0.883,0.539,0.526,0.333,2.0,7.0,1
1534,"Saturday, July 29, 2017",KCR,BOS,0.341,0.333,0.404,0.404,0.819,0.994,0.415,0.59,6.52,5.4,0
1535,"Saturday, July 29, 2017",CLE,CHW,0.235,0.286,0.378,0.359,0.672,0.816,0.294,0.457,4.0,4.0,1
1536,"Saturday, July 29, 2017",HOU,DET,0.273,0.258,0.273,0.324,0.727,0.678,0.455,0.355,5.62,3.0,0
1537,"Saturday, July 29, 2017",SFG,LAD,0.138,0.276,0.242,0.344,0.518,0.723,0.276,0.379,2.25,1.0,0
1538,"Saturday, July 29, 2017",CIN,MIA,0.194,0.29,0.286,0.389,0.705,0.873,0.419,0.484,7.88,3.0,0
1539,"Saturday, July 29, 2017",CHC,MIL,0.162,0.175,0.326,0.267,0.569,0.492,0.243,0.225,0.82,1.64,1
1540,"Saturday, July 29, 2017",TBR,NYY,0.242,0.281,0.316,0.351,0.831,0.883,0.515,0.531,5.62,4.0,0
1541,"Saturday, July 29, 2017",MIN,OAK,0.278,0.333,0.366,0.405,0.783,1.011,0.417,0.606,5.62,4.0,0
1542,"Saturday, July 29, 2017",ATL,PHI,0.25,0.205,0.304,0.311,0.679,0.644,0.375,0.333,3.38,0.82,0
1543,"Saturday, July 29, 2017",PIT,SDP,0.167,0.267,0.265,0.29,0.431,0.857,0.167,0.567,4.5,2.0,0
1544,"Saturday, July 29, 2017",NYM,SEA,0.242,0.3,0.342,0.333,0.615,0.7,0.273,0.367,2.25,2.0,0
1545,"Saturday, July 29, 2017",ARI,STL,0.242,0.156,0.409,0.182,0.985,0.432,0.576,0.25,1.0,7.0,1
1546,"Saturday, July 29, 2017",BAL,TEX,0.176,0.226,0.317,0.294,0.729,0.52,0.412,0.226,0.0,4.0,1
1547,"Saturday, July 29, 2017",LAA,TOR,0.212,0.235,0.289,0.297,0.532,0.68,0.242,0.382,4.0,6.0,1
1548,"Saturday, July 29, 2017",COL,WSN,0.188,0.1,0.278,0.1,0.622,0.233,0.344,0.133,2.0,4.0,1
1549,"Sunday, July 30, 2017",KCR,BOS,0.324,0.265,0.359,0.324,0.845,0.707,0.486,0.382,3.0,4.0,1
1550,"Sunday, July 30, 2017",CLE,CHW,0.235,0.138,0.278,0.194,0.66,0.573,0.382,0.379,3.24,1.0,0
1551,"Sunday, July 30, 2017",HOU,DET,0.212,0.405,0.297,0.5,0.6,1.149,0.303,0.649,14.62,1.0,0
1552,"Sunday, July 30, 2017",SFG,LAD,0.27,0.262,0.325,0.367,0.676,0.677,0.351,0.31,2.61,1.64,0
1553,"Sunday, July 30, 2017",CIN,MIA,0.235,0.167,0.395,0.219,0.631,0.519,0.235,0.3,4.0,6.0,1
1554,"Sunday, July 30, 2017",CHC,MIL,0.257,0.188,0.278,0.257,0.735,0.538,0.457,0.281,2.0,4.0,1
1555,"Sunday, July 30, 2017",TBR,NYY,0.257,0.125,0.395,0.3,0.71,0.55,0.314,0.25,3.0,5.0,1
1556,"Sunday, July 30, 2017",MIN,OAK,0.19,0.298,0.314,0.32,0.695,0.852,0.381,0.532,4.76,3.75,0
1557,"Sunday, July 30, 2017",ATL,PHI,0.258,0.273,0.343,0.368,0.601,0.671,0.258,0.303,1.12,1.0,0
1558,"Sunday, July 30, 2017",PIT,SDP,0.297,0.188,0.35,0.257,1.053,0.601,0.703,0.344,1.0,7.0,1
1559,"Sunday, July 30, 2017",NYM,SEA,0.257,0.333,0.297,0.375,0.554,0.986,0.257,0.611,9.0,1.0,0
1560,"Sunday, July 30, 2017",ARI,STL,0.167,0.207,0.278,0.294,0.511,0.639,0.233,0.345,3.38,2.0,0
1561,"Sunday, July 30, 2017",BAL,TEX,0.351,0.2,0.4,0.3,0.968,0.786,0.568,0.486,6.0,10.0,1
1562,"Sunday, July 30, 2017",LAA,TOR,0.378,0.353,0.419,0.439,1.067,1.115,0.649,0.676,11.88,7.0,0
1563,"Sunday, July 30, 2017",COL,WSN,0.39,0.325,0.432,0.357,0.993,0.957,0.561,0.6,5.0,10.0,1
1564,"Sunday, July 30, 2017",COL,WSN,0.133,0.143,0.188,0.172,0.354,0.601,0.167,0.429,3.38,1.0,0
1565,"Monday, July 31, 2017",KCR,BAL,0.167,0.286,0.219,0.306,0.485,0.648,0.267,0.343,2.08,1.0,0
1566,"Monday, July 31, 2017",CLE,BOS,0.219,0.371,0.265,0.45,0.577,0.936,0.313,0.486,6.75,2.0,0
1567,"Monday, July 31, 2017",TOR,CHW,0.265,0.278,0.324,0.325,0.883,0.797,0.559,0.472,7.27,6.0,0
1568,"Monday, July 31, 2017",TBR,HOU,0.206,0.425,0.341,0.468,0.812,1.268,0.471,0.8,15.75,7.0,0
1569,"Monday, July 31, 2017",WSN,MIA,0.103,0.074,0.133,0.194,0.271,0.268,0.138,0.074,0.0,1.0,1
1570,"Monday, July 31, 2017",DET,NYY,0.243,0.226,0.364,0.306,0.634,0.725,0.27,0.419,6.75,3.0,0
1571,"Monday, July 31, 2017",SFG,OAK,0.297,0.364,0.316,0.488,0.667,1.034,0.351,0.545,9.0,5.0,0
1572,"Monday, July 31, 2017",ATL,PHI,0.27,0.273,0.357,0.368,0.898,0.884,0.541,0.515,6.75,6.0,0
1573,"Monday, July 31, 2017",SEA,TEX,0.229,0.188,0.341,0.316,0.713,0.722,0.371,0.406,4.0,5.0,1
1574,"Tuesday, August 1, 2017",PHI,LAA,0.235,0.371,0.297,0.395,0.621,0.88,0.324,0.486,6.75,1.0,0
1575,"Tuesday, August 1, 2017",LAD,ATL,0.25,0.133,0.294,0.188,0.7,0.421,0.406,0.233,2.0,3.0,1
1576,"Tuesday, August 1, 2017",KCR,BAL,0.156,0.405,0.182,0.45,0.401,0.991,0.219,0.541,7.88,1.0,0
1577,"Tuesday, August 1, 2017",CLE,BOS,0.333,0.375,0.381,0.444,1.099,1.119,0.718,0.675,12.46,10.0,0
1578,"Tuesday, August 1, 2017",TOR,CHW,0.351,0.306,0.468,0.342,1.063,0.87,0.595,0.528,4.0,8.0,1
1579,"Tuesday, August 1, 2017",ARI,CHC,0.222,0.425,0.317,0.467,0.595,1.317,0.278,0.85,15.75,3.0,0
1580,"Tuesday, August 1, 2017",NYM,COL,0.235,0.353,0.289,0.421,0.701,0.921,0.412,0.5,5.62,3.0,0
1581,"Tuesday, August 1, 2017",TBR,HOU,0.343,0.206,0.41,0.229,1.039,0.67,0.629,0.441,4.0,6.0,1
1582,"Tuesday, August 1, 2017",WSN,MIA,0.297,0.29,0.35,0.361,0.864,0.877,0.514,0.516,7.88,6.0,0
1583,"Tuesday, August 1, 2017",STL,MIL,0.212,0.179,0.257,0.343,0.5,0.593,0.242,0.25,3.38,2.0,0
1584,"Tuesday, August 1, 2017",DET,NYY,0.265,0.235,0.306,0.316,0.776,0.728,0.471,0.412,2.0,4.0,1
1585,"Tuesday, August 1, 2017",SFG,OAK,0.341,0.219,0.4,0.278,1.107,0.622,0.707,0.344,3.0,6.0,1
1586,"Tuesday, August 1, 2017",CIN,PIT,0.359,0.219,0.409,0.286,1.127,0.567,0.718,0.281,1.0,9.0,1
1587,"Tuesday, August 1, 2017",MIN,SDP,0.1,0.16,0.156,0.214,0.256,0.534,0.1,0.32,3.38,0.0,0
1588,"Tuesday, August 1, 2017",SEA,TEX,0.308,0.308,0.372,0.357,0.859,0.921,0.487,0.564,6.0,8.0,1
1589,"Wednesday, August 2, 2017",PHI,LAA,0.194,0.303,0.242,0.343,0.436,0.979,0.194,0.636,2.25,0.0,0
1590,"Wednesday, August 2, 2017",LAD,ATL,0.194,0.29,0.242,0.405,0.565,0.889,0.323,0.484,5.62,3.0,0
1591,"Wednesday, August 2, 2017",KCR,BAL,0.161,0.226,0.235,0.314,0.429,0.798,0.194,0.484,6.75,0.0,0
1592,"Wednesday, August 2, 2017",TOR,CHW,0.206,0.229,0.341,0.289,0.753,0.575,0.412,0.286,1.0,5.0,1
1593,"Wednesday, August 2, 2017",ARI,CHC,0.129,0.103,0.25,0.161,0.444,0.265,0.194,0.103,0.0,2.0,1
1594,"Wednesday, August 2, 2017",NYM,COL,0.333,0.297,0.35,0.316,0.965,0.802,0.615,0.486,5.0,10.0,1
1595,"Wednesday, August 2, 2017",TBR,HOU,0.25,0.167,0.325,0.242,0.686,0.476,0.361,0.233,0.0,3.0,1
1596,"Wednesday, August 2, 2017",WSN,MIA,0.143,0.294,0.143,0.385,0.286,0.973,0.143,0.588,7.88,0.0,0
1597,"Wednesday, August 2, 2017",STL,MIL,0.286,0.229,0.375,0.27,0.889,0.756,0.514,0.486,4.0,5.0,1
1598,"Wednesday, August 2, 2017",DET,NYY,0.182,0.206,0.229,0.229,0.501,0.493,0.273,0.265,0.0,1.0,1
1599,"Wednesday, August 2, 2017",CIN,PIT,0.286,0.156,0.35,0.25,0.864,0.406,0.514,0.156,2.0,5.0,1
1600,"Wednesday, August 2, 2017",MIN,SDP,0.233,0.129,0.281,0.156,0.681,0.382,0.4,0.226,2.0,5.0,1
1601,"Wednesday, August 2, 2017",OAK,SFG,0.297,0.172,0.381,0.242,0.84,0.449,0.459,0.207,1.0,6.0,1
1602,"Wednesday, August 2, 2017",SEA,TEX,0.188,0.29,0.297,0.281,0.516,0.894,0.219,0.613,4.5,1.0,0
1603,"Thursday, August 3, 2017",PHI,LAA,0.278,0.207,0.35,0.333,0.794,0.713,0.444,0.379,5.62,4.0,0
1604,"Thursday, August 3, 2017",LAD,ATL,0.273,0.306,0.432,0.342,0.826,0.814,0.394,0.472,4.0,7.0,1
1605,"Thursday, August 3, 2017",DET,BAL,0.25,0.281,0.306,0.359,0.806,0.859,0.5,0.5,5.0,5.0,1
1606,"Thursday, August 3, 2017",CHW,BOS,0.206,0.395,0.25,0.465,0.574,1.149,0.324,0.684,10.12,5.0,0
1607,"Thursday, August 3, 2017",ARI,CHC,0.325,0.297,0.386,0.395,1.086,0.936,0.7,0.541,8.0,10.0,1
1608,"Thursday, August 3, 2017",NYY,CLE,0.103,0.161,0.133,0.235,0.375,0.526,0.241,0.29,3.38,1.0,0
1609,"Thursday, August 3, 2017",NYM,COL,0.257,0.364,0.35,0.447,0.779,1.084,0.429,0.636,5.4,4.0,0
1610,"Thursday, August 3, 2017",TBR,HOU,0.222,0.257,0.317,0.278,0.734,0.678,0.417,0.4,3.0,2.0,1
1611,"Thursday, August 3, 2017",SEA,KCR,0.278,0.267,0.333,0.353,0.833,0.82,0.5,0.467,5.62,4.0,0
1612,"Thursday, August 3, 2017",STL,MIL,0.194,0.281,0.286,0.343,0.512,0.718,0.226,0.375,2.25,1.0,0
1613,"Thursday, August 3, 2017",TEX,MIN,0.257,0.103,0.35,0.161,0.721,0.299,0.371,0.138,1.0,4.0,1
1614,"Thursday, August 3, 2017",CIN,PIT,0.133,0.361,0.212,0.351,0.345,0.768,0.133,0.417,6.75,0.0,0
1615,"Thursday, August 3, 2017",OAK,SFG,0.212,0.351,0.235,0.4,0.569,1.049,0.333,0.649,12.38,2.0,0
1616,"Friday, August 4, 2017",OAK,LAA,0.176,0.361,0.3,0.442,0.682,0.886,0.382,0.444,7.88,3.0,0
1617,"Friday, August 4, 2017",MIA,ATL,0.182,0.233,0.229,0.303,0.592,0.67,0.364,0.367,4.5,3.0,0
1618,"Friday, August 4, 2017",DET,BAL,0.182,0.212,0.229,0.212,0.623,0.636,0.394,0.424,2.0,5.0,1
1619,"Friday, August 4, 2017",CHW,BOS,0.225,0.2,0.295,0.2,0.595,0.55,0.3,0.35,2.53,1.64,0
1620,"Friday, August 4, 2017",WSN,CHC,0.219,0.194,0.278,0.306,0.684,0.628,0.406,0.323,2.0,4.0,1
1621,"Friday, August 4, 2017",STL,CIN,0.265,0.3,0.359,0.3,0.683,0.633,0.324,0.333,3.38,2.0,0
1622,"Friday, August 4, 2017",NYY,CLE,0.306,0.267,0.342,0.343,0.759,0.71,0.417,0.367,6.75,2.0,0
1623,"Friday, August 4, 2017",PHI,COL,0.27,0.241,0.289,0.421,0.668,0.835,0.378,0.414,4.5,3.0,0
1624,"Friday, August 4, 2017",TOR,HOU,0.286,0.45,0.324,0.532,0.924,1.482,0.6,0.95,18.0,7.0,0
1625,"Friday, August 4, 2017",SEA,KCR,0.281,0.129,0.286,0.156,0.692,0.318,0.406,0.161,2.0,5.0,1
1626,"Friday, August 4, 2017",TEX,MIN,0.257,0.364,0.278,0.436,0.735,1.133,0.457,0.697,9.0,4.0,0
1627,"Friday, August 4, 2017",LAD,NYM,0.219,0.129,0.316,0.182,0.878,0.311,0.563,0.129,0.0,6.0,1
1628,"Friday, August 4, 2017",SDP,PIT,0.25,0.389,0.357,0.452,0.885,1.036,0.528,0.583,11.25,3.0,0
1629,"Friday, August 4, 2017",ARI,SFG,0.194,0.107,0.265,0.242,0.555,0.35,0.29,0.107,1.0,2.0,1
1630,"Friday, August 4, 2017",MIL,TBR,0.161,0.265,0.212,0.342,0.535,0.636,0.323,0.294,0.0,2.0,1
1631,"Saturday, August 5, 2017",OAK,LAA,0.25,0.188,0.341,0.188,0.619,0.375,0.278,0.188,0.0,3.0,1
1632,"Saturday, August 5, 2017",MIA,ATL,0.25,0.29,0.25,0.371,0.639,0.855,0.389,0.484,7.88,2.0,0
1633,"Saturday, August 5, 2017",DET,BAL,0.161,0.324,0.257,0.378,0.515,1.084,0.258,0.706,5.62,2.0,0
1634,"Saturday, August 5, 2017",CHW,BOS,0.25,0.167,0.294,0.219,0.638,0.652,0.344,0.433,3.38,1.0,0
1635,"Saturday, August 5, 2017",WSN,CHC,0.212,0.281,0.308,0.324,0.641,0.855,0.333,0.531,7.88,2.0,0
1636,"Saturday, August 5, 2017",STL,CIN,0.138,0.161,0.342,0.257,0.583,0.58,0.241,0.323,1.0,3.0,1
1637,"Saturday, August 5, 2017",NYY,CLE,0.161,0.182,0.257,0.182,0.58,0.485,0.323,0.303,1.0,2.0,1
1638,"Saturday, August 5, 2017",PHI,COL,0.316,0.344,0.333,0.395,0.781,0.926,0.447,0.531,9.0,5.0,0
1639,"Saturday, August 5, 2017",TOR,HOU,0.231,0.147,0.318,0.216,0.575,0.569,0.256,0.353,2.7,3.6,1
1640,"Saturday, August 5, 2017",TEX,MIN,0.242,0.138,0.297,0.167,0.631,0.339,0.333,0.172,0.0,4.0,1
1641,"Saturday, August 5, 2017",LAD,NYM,0.222,0.206,0.3,0.27,0.967,0.829,0.667,0.559,4.0,7.0,1
1642,"Saturday, August 5, 2017",SDP,PIT,0.278,0.194,0.366,0.324,0.866,0.615,0.5,0.29,2.0,5.0,1
1643,"Saturday, August 5, 2017",ARI,SFG,0.263,0.289,0.37,0.341,0.764,0.815,0.395,0.474,4.66,1.8,0
1644,"Saturday, August 5, 2017",MIL,TBR,0.212,0.129,0.297,0.206,0.631,0.335,0.333,0.129,0.0,3.0,1
1645,"Sunday, August 6, 2017",OAK,LAA,0.409,0.3,0.458,0.404,1.231,0.979,0.773,0.575,8.0,11.0,1
1646,"Sunday, August 6, 2017",MIA,ATL,0.182,0.133,0.25,0.161,0.644,0.361,0.394,0.2,1.0,4.0,1
1647,"Sunday, August 6, 2017",DET,BAL,0.359,0.425,0.405,0.465,0.892,1.34,0.487,0.875,13.5,3.0,0
1648,"Sunday, August 6, 2017",CHW,BOS,0.257,0.276,0.25,0.417,0.536,1.072,0.286,0.655,6.75,3.0,0
1649,"Sunday, August 6, 2017",WSN,CHC,0.286,0.294,0.325,0.368,0.925,0.986,0.6,0.618,4.0,9.0,1
1650,"Sunday, August 6, 2017",STL,CIN,0.41,0.242,0.489,0.342,1.181,0.766,0.692,0.424,4.0,13.0,1
1651,"Sunday, August 6, 2017",NYY,CLE,0.316,0.069,0.357,0.1,0.831,0.272,0.474,0.172,1.0,8.0,1
1652,"Sunday, August 6, 2017",PHI,COL,0.265,0.206,0.324,0.27,0.824,0.564,0.5,0.294,2.0,3.0,1
1653,"Sunday, August 6, 2017",TOR,HOU,0.229,0.39,0.357,0.409,0.786,0.897,0.429,0.488,6.23,5.0,0
1654,"Sunday, August 6, 2017",SEA,KCR,0.282,0.286,0.333,0.333,1.0,0.848,0.667,0.514,7.0,4.0,1
1655,"Sunday, August 6, 2017",SEA,KCR,0.129,0.351,0.156,0.385,0.318,1.006,0.161,0.622,9.0,1.0,0
1656,"Sunday, August 6, 2017",TEX,MIN,0.206,0.233,0.27,0.303,0.711,0.836,0.441,0.533,6.75,5.0,0
1657,"Sunday, August 6, 2017",LAD,NYM,0.286,0.036,0.359,0.069,0.93,0.105,0.571,0.036,0.0,8.0,1
1658,"Sunday, August 6, 2017",SDP,PIT,0.205,0.175,0.286,0.267,0.513,0.617,0.227,0.35,0.82,3.0,0
1659,"Sunday, August 6, 2017",ARI,SFG,0.188,0.25,0.278,0.314,0.497,0.721,0.219,0.406,3.38,3.0,0
1660,"Sunday, August 6, 2017",MIL,TBR,0.194,0.241,0.286,0.313,0.576,0.692,0.29,0.379,2.25,1.0,0
1661,"Monday, August 7, 2017",BAL,LAA,0.273,0.167,0.324,0.212,0.688,0.512,0.364,0.3,2.0,6.0,1
1662,"Monday, August 7, 2017",SDP,CIN,0.235,0.258,0.257,0.378,0.757,1.12,0.5,0.742,12.38,3.0,0
1663,"Monday, August 7, 2017",STL,KCR,0.286,0.229,0.366,0.229,1.052,0.743,0.686,0.514,3.0,10.0,1
1664,"Monday, August 7, 2017",MIL,MIN,0.235,0.258,0.297,0.41,0.709,0.733,0.412,0.323,5.62,2.0,0
1665,"Monday, August 7, 2017",DET,PIT,0.037,0.185,0.103,0.29,0.14,0.624,0.037,0.333,3.38,0.0,0
1666,"Monday, August 7, 2017",CHC,SFG,0.316,0.257,0.366,0.297,0.813,0.754,0.447,0.457,2.0,5.0,1
1667,"Monday, August 7, 2017",MIA,WSN,0.182,0.25,0.25,0.3,0.583,0.657,0.333,0.357,3.38,2.0,0
1668,"Tuesday, August 8, 2017",BAL,LAA,0.222,0.207,0.222,0.258,0.556,0.499,0.333,0.241,3.38,2.0,0
1669,"Tuesday, August 8, 2017",LAD,ARI,0.273,0.25,0.314,0.333,0.829,0.927,0.515,0.594,6.75,3.0,0
1670,"Tuesday, August 8, 2017",PHI,ATL,0.297,0.242,0.395,0.265,0.855,0.598,0.459,0.333,2.0,5.0,1
1671,"Tuesday, August 8, 2017",HOU,CHW,0.273,0.361,0.429,0.439,0.944,0.967,0.515,0.528,9.0,5.0,0
1672,"Tuesday, August 8, 2017",SDP,CIN,0.333,0.281,0.385,0.395,0.991,0.77,0.606,0.375,3.0,7.0,1
1673,"Tuesday, August 8, 2017",COL,CLE,0.103,0.194,0.103,0.306,0.31,0.628,0.207,0.323,4.15,1.0,0
1674,"Tuesday, August 8, 2017",STL,KCR,0.368,0.188,0.489,0.257,1.174,0.476,0.684,0.219,3.0,9.0,1
1675,"Tuesday, August 8, 2017",MIL,MIN,0.333,0.4,0.35,0.475,0.812,1.361,0.462,0.886,12.38,3.0,0
1676,"Tuesday, August 8, 2017",TEX,NYM,0.188,0.207,0.278,0.303,0.809,0.889,0.531,0.586,5.62,4.0,0
1677,"Tuesday, August 8, 2017",SEA,OAK,0.268,0.216,0.326,0.286,0.692,0.745,0.366,0.459,5.4,4.5,1
1678,"Tuesday, August 8, 2017",DET,PIT,0.167,0.294,0.188,0.306,0.388,0.717,0.2,0.412,5.62,3.0,0
1679,"Tuesday, August 8, 2017",CHC,SFG,0.242,0.273,0.278,0.314,0.581,0.708,0.303,0.394,5.62,2.0,0
1680,"Tuesday, August 8, 2017",BOS,TBR,0.324,0.067,0.342,0.097,0.72,0.163,0.378,0.067,0.0,2.0,1
1681,"Tuesday, August 8, 2017",NYY,TOR,0.226,0.333,0.359,0.371,0.585,1.008,0.226,0.636,4.5,2.0,0
1682,"Tuesday, August 8, 2017",MIA,WSN,0.212,0.324,0.333,0.368,0.758,0.78,0.424,0.412,3.0,7.0,1
1683,"Wednesday, August 9, 2017",BAL,LAA,0.133,0.323,0.161,0.389,0.395,0.841,0.233,0.452,5.62,1.0,0
1684,"Wednesday, August 9, 2017",LAD,ARI,0.167,0.212,0.306,0.257,0.672,0.651,0.367,0.394,2.0,3.0,1
1685,"Wednesday, August 9, 2017",PHI,ATL,0.152,0.265,0.2,0.286,0.533,0.639,0.333,0.353,2.0,2.0,1
1686,"Wednesday, August 9, 2017",HOU,CHW,0.176,0.344,0.2,0.417,0.524,0.979,0.324,0.563,7.88,1.0,0
1687,"Wednesday, August 9, 2017",SDP,CIN,0.206,0.306,0.206,0.375,0.618,0.903,0.412,0.528,7.88,3.0,0
1688,"Wednesday, August 9, 2017",COL,CLE,0.261,0.175,0.292,0.283,0.705,0.558,0.413,0.275,1.5,2.25,1
1689,"Wednesday, August 9, 2017",PIT,DET,0.103,0.378,0.212,0.442,0.385,1.036,0.172,0.595,10.12,0.0,0
1690,"Wednesday, August 9, 2017",MIN,MIL,0.182,0.161,0.325,0.188,0.689,0.349,0.364,0.161,0.0,2.0,1
1691,"Wednesday, August 9, 2017",TEX,NYM,0.27,0.103,0.426,0.133,0.831,0.34,0.405,0.207,1.0,5.0,1
1692,"Wednesday, August 9, 2017",SEA,OAK,0.229,0.206,0.27,0.27,0.756,0.711,0.486,0.441,3.0,6.0,1
1693,"Wednesday, August 9, 2017",CHC,SFG,0.182,0.29,0.206,0.371,0.479,0.759,0.273,0.387,3.38,1.0,0
1694,"Wednesday, August 9, 2017",KCR,STL,0.385,0.344,0.4,0.462,0.887,1.024,0.487,0.563,9.0,4.0,0
1695,"Wednesday, August 9, 2017",BOS,TBR,0.25,0.133,0.341,0.188,0.647,0.554,0.306,0.367,2.0,6.0,1
1696,"Wednesday, August 9, 2017",NYY,TOR,0.395,0.194,0.435,0.35,1.156,0.705,0.721,0.355,4.0,11.0,1
1697,"Wednesday, August 9, 2017",MIA,WSN,0.242,0.412,0.286,0.512,0.528,1.218,0.242,0.706,11.25,1.0,0
1698,"Thursday, August 10, 2017",LAD,ARI,0.243,0.278,0.317,0.333,0.695,0.806,0.378,0.472,6.0,7.0,1
1699,"Thursday, August 10, 2017",HOU,CHW,0.286,0.268,0.318,0.348,0.699,0.738,0.381,0.39,1.8,1.64,0
1700,"Thursday, August 10, 2017",SDP,CIN,0.242,0.267,0.324,0.45,0.688,1.15,0.364,0.7,11.25,3.0,0
1701,"Thursday, August 10, 2017",PIT,DET,0.342,0.265,0.366,0.286,0.997,0.727,0.632,0.441,5.0,7.0,1
1702,"Thursday, August 10, 2017",MIN,MIL,0.333,0.212,0.366,0.257,0.727,0.59,0.361,0.333,1.0,6.0,1
1703,"Thursday, August 10, 2017",BAL,OAK,0.263,0.212,0.282,0.308,1.019,0.611,0.737,0.303,1.0,5.0,1
1704,"Thursday, August 10, 2017",NYM,PHI,0.333,0.138,0.395,0.167,1.113,0.339,0.718,0.172,0.0,10.0,1
1705,"Thursday, August 10, 2017",LAA,SEA,0.235,0.25,0.333,0.314,0.775,0.846,0.441,0.531,3.0,6.0,1
1706,"Thursday, August 10, 2017",KCR,STL,0.343,0.265,0.415,0.366,0.872,0.807,0.457,0.441,7.88,5.0,0
1707,"Thursday, August 10, 2017",CLE,TBR,0.133,0.303,0.188,0.395,0.454,0.789,0.267,0.394,4.5,1.0,0
1708,"Thursday, August 10, 2017",NYY,TOR,0.182,0.185,0.289,0.29,0.562,0.624,0.273,0.333,3.38,0.0,0
1709,"Thursday, August 10, 2017",MIA,WSN,0.188,0.25,0.297,0.276,0.672,0.704,0.375,0.429,3.38,2.0,0
1710,"Friday, August 11, 2017",CHC,ARI,0.324,0.167,0.439,0.286,0.939,0.652,0.5,0.367,3.0,7.0,1
1711,"Friday, August 11, 2017",KCR,CHW,0.206,0.273,0.27,0.273,0.711,0.818,0.441,0.545,6.75,3.0,0
1712,"Friday, August 11, 2017",MIN,DET,0.4,0.257,0.415,0.316,1.015,0.687,0.6,0.371,4.0,9.0,1
1713,"Friday, August 11, 2017",SDP,LAD,0.212,0.242,0.278,0.375,0.763,0.708,0.485,0.333,3.0,4.0,1
1714,"Friday, August 11, 2017",COL,MIA,0.219,0.355,0.324,0.417,0.762,0.965,0.438,0.548,6.75,3.0,0
1715,"Friday, August 11, 2017",CIN,MIL,0.366,0.381,0.469,0.469,1.006,1.088,0.537,0.619,10.0,10.0,1
1716,"Friday, August 11, 2017",BOS,NYY,0.242,0.233,0.35,0.351,0.805,0.751,0.455,0.4,5.62,4.0,0
1717,"Friday, August 11, 2017",BAL,OAK,0.294,0.323,0.333,0.333,0.775,0.882,0.441,0.548,4.5,4.0,0
1718,"Friday, August 11, 2017",NYM,PHI,0.361,0.325,0.395,0.386,1.034,0.861,0.639,0.475,6.0,6.0,1
1719,"Friday, August 11, 2017",LAA,SEA,0.289,0.286,0.357,0.306,0.752,0.877,0.395,0.571,5.0,5.0,1
1720,"Friday, August 11, 2017",ATL,STL,0.226,0.258,0.333,0.425,0.656,0.909,0.323,0.484,9.0,5.0,0
1721,"Friday, August 11, 2017",CLE,TBR,0.212,0.1,0.308,0.156,0.641,0.256,0.333,0.1,0.0,5.0,1
1722,"Friday, August 11, 2017",HOU,TEX,0.235,0.294,0.333,0.333,0.716,0.716,0.382,0.382,4.5,4.0,0
1723,"Friday, August 11, 2017",PIT,TOR,0.133,0.235,0.182,0.25,0.348,0.603,0.167,0.353,2.0,0.0,1
1724,"Saturday, August 12, 2017",CHC,ARI,0.243,0.333,0.282,0.385,0.552,0.912,0.27,0.528,5.62,2.0,0
1725,"Saturday, August 12, 2017",KCR,CHW,0.286,0.273,0.324,0.333,0.896,0.879,0.571,0.545,4.0,5.0,1
1726,"Saturday, August 12, 2017",MIN,DET,0.422,0.371,0.449,0.41,1.138,1.153,0.689,0.743,13.5,11.0,0
1727,"Saturday, August 12, 2017",SDP,LAD,0.27,0.258,0.325,0.368,0.784,0.852,0.459,0.484,6.75,3.0,0
1728,"Saturday, August 12, 2017",COL,MIA,0.273,0.323,0.39,0.382,0.693,0.866,0.303,0.484,4.5,2.0,0
1729,"Saturday, August 12, 2017",CIN,MIL,0.171,0.308,0.293,0.413,0.75,1.003,0.457,0.59,5.59,4.5,0
1730,"Saturday, August 12, 2017",BOS,NYY,0.308,0.25,0.341,0.289,0.88,0.817,0.538,0.528,5.0,8.0,1
1731,"Saturday, August 12, 2017",BAL,OAK,0.465,0.278,0.521,0.341,1.172,0.841,0.651,0.5,5.0,12.0,1
1732,"Saturday, August 12, 2017",NYM,PHI,0.1,0.185,0.206,0.303,0.439,0.488,0.233,0.185,3.38,1.0,0
1733,"Saturday, August 12, 2017",LAA,SEA,0.242,0.361,0.297,0.41,0.752,0.882,0.455,0.472,3.0,5.0,1
1734,"Saturday, August 12, 2017",ATL,STL,0.25,0.344,0.325,0.417,0.686,1.01,0.361,0.594,5.62,3.0,0
1735,"Saturday, August 12, 2017",CLE,TBR,0.212,0.138,0.278,0.167,0.581,0.339,0.303,0.172,0.0,3.0,1
1736,"Saturday, August 12, 2017",HOU,TEX,0.138,0.31,0.324,0.474,0.497,1.025,0.172,0.552,9.0,3.0,0
1737,"Saturday, August 12, 2017",PIT,TOR,0.229,0.258,0.289,0.368,0.689,0.626,0.4,0.258,4.5,2.0,0
1738,"Saturday, August 12, 2017",SFG,WSN,0.206,0.324,0.25,0.378,0.574,0.79,0.324,0.412,3.38,1.0,0
1739,"Sunday, August 13, 2017",CHC,ARI,0.25,0.143,0.357,0.265,0.913,0.55,0.556,0.286,2.0,7.0,1
1740,"Sunday, August 13, 2017",KCR,CHW,0.381,0.25,0.481,0.341,1.076,0.786,0.595,0.444,3.0,14.0,1
1741,"Sunday, August 13, 2017",MIN,DET,0.233,0.263,0.351,0.326,0.785,0.641,0.433,0.316,2.0,6.0,1
1742,"Sunday, August 13, 2017",SDP,LAD,0.156,0.167,0.176,0.219,0.551,0.719,0.375,0.5,6.75,3.0,0
1743,"Sunday, August 13, 2017",COL,MIA,0.294,0.267,0.385,0.333,0.708,0.733,0.324,0.4,5.62,3.0,0
1744,"Sunday, August 13, 2017",CIN,MIL,0.25,0.267,0.368,0.353,0.743,0.92,0.375,0.567,6.75,3.0,0
1745,"Sunday, August 13, 2017",BOS,NYY,0.118,0.152,0.268,0.256,0.474,0.469,0.206,0.212,1.8,2.7,1
1746,"Sunday, August 13, 2017",BAL,OAK,0.286,0.25,0.306,0.286,0.791,0.879,0.486,0.594,10.12,3.0,0
1747,"Sunday, August 13, 2017",NYM,PHI,0.3,0.212,0.3,0.316,0.8,0.558,0.5,0.242,2.0,5.0,1
1748,"Sunday, August 13, 2017",LAA,SEA,0.188,0.242,0.341,0.257,0.654,0.56,0.313,0.303,2.0,4.0,1
1749,"Sunday, August 13, 2017",ATL,STL,0.324,0.314,0.35,0.368,0.809,0.826,0.459,0.457,3.0,6.0,1
1750,"Sunday, August 13, 2017",CLE,TBR,0.235,0.133,0.297,0.235,0.797,0.469,0.5,0.233,3.0,4.0,1
1751,"Sunday, August 13, 2017",HOU,TEX,0.194,0.226,0.265,0.333,0.587,0.688,0.323,0.355,1.0,2.0,1
1752,"Sunday, August 13, 2017",PIT,TOR,0.129,0.226,0.25,0.351,0.379,0.932,0.129,0.581,6.75,1.0,0
1753,"Sunday, August 13, 2017",SFG,WSN,0.265,0.206,0.333,0.229,0.686,0.523,0.353,0.294,2.0,4.0,1
1754,"Sunday, August 13, 2017",SFG,WSN,0.162,0.282,0.225,0.333,0.495,0.846,0.27,0.513,5.4,1.64,0
1755,"Monday, August 14, 2017",HOU,ARI,0.219,0.258,0.265,0.324,0.515,0.775,0.25,0.452,2.25,0.0,0
1756,"Monday, August 14, 2017",CLE,BOS,0.27,0.222,0.372,0.263,0.859,0.791,0.486,0.528,3.0,5.0,1
1757,"Monday, August 14, 2017",CIN,CHC,0.235,0.415,0.395,0.49,0.748,1.246,0.353,0.756,13.5,4.0,0
1758,"Monday, August 14, 2017",ATL,COL,0.219,0.241,0.242,0.353,0.617,0.663,0.375,0.31,3.38,0.0,0
1759,"Monday, August 14, 2017",SFG,MIA,0.219,0.344,0.306,0.447,0.556,1.01,0.25,0.563,7.88,3.0,0
1760,"Monday, August 14, 2017",NYM,NYY,0.194,0.267,0.265,0.303,0.652,0.87,0.387,0.567,4.5,2.0,0
1761,"Monday, August 14, 2017",KCR,OAK,0.286,0.152,0.359,0.2,0.759,0.442,0.4,0.242,2.0,5.0,1
1762,"Monday, August 14, 2017",PHI,SDP,0.289,0.312,0.341,0.4,0.841,0.838,0.5,0.438,6.75,3.0,0
1763,"Monday, August 14, 2017",BAL,SEA,0.372,0.235,0.4,0.278,1.121,0.748,0.721,0.471,3.0,11.0,1
1764,"Monday, August 14, 2017",DET,TEX,0.257,0.379,0.297,0.424,0.64,0.941,0.343,0.517,6.75,2.0,0
1765,"Monday, August 14, 2017",TBR,TOR,0.129,0.172,0.27,0.273,0.496,0.652,0.226,0.379,2.25,1.0,0
1766,"Tuesday, August 15, 2017",HOU,ARI,0.333,0.235,0.409,0.316,1.05,0.639,0.641,0.324,4.0,9.0,1
1767,"Tuesday, August 15, 2017",STL,BOS,0.303,0.395,0.361,0.465,0.725,0.912,0.364,0.447,11.25,4.0,0
1768,"Tuesday, August 15, 2017",CIN,CHC,0.25,0.219,0.359,0.324,0.64,0.543,0.281,0.219,1.0,2.0,1
1769,"Tuesday, August 15, 2017",ATL,COL,0.188,0.194,0.235,0.286,0.61,0.802,0.375,0.516,3.0,3.0,1
1770,"Tuesday, August 15, 2017",CHW,LAD,0.188,0.29,0.212,0.41,0.525,0.733,0.313,0.323,6.75,1.0,0
1771,"Tuesday, August 15, 2017",SFG,MIA,0.368,0.343,0.4,0.368,0.979,0.94,0.579,0.571,4.0,8.0,1
1772,"Tuesday, August 15, 2017",PIT,MIL,0.194,0.241,0.286,0.333,0.544,0.678,0.258,0.345,2.25,1.0,0
1773,"Tuesday, August 15, 2017",CLE,MIN,0.297,0.1,0.395,0.1,1.152,0.267,0.757,0.167,1.0,8.0,1
1774,"Tuesday, August 15, 2017",NYM,NYY,0.212,0.323,0.278,0.353,0.672,0.934,0.394,0.581,5.62,4.0,0
1775,"Tuesday, August 15, 2017",KCR,OAK,0.235,0.378,0.297,0.41,0.827,1.14,0.529,0.73,11.25,8.0,0
1776,"Tuesday, August 15, 2017",PHI,SDP,0.188,0.25,0.235,0.368,0.642,0.868,0.406,0.5,4.5,4.0,0
1777,"Tuesday, August 15, 2017",BAL,SEA,0.194,0.241,0.219,0.333,0.541,0.644,0.323,0.31,3.38,1.0,0
1778,"Tuesday, August 15, 2017",DET,TEX,0.286,0.333,0.342,0.421,0.799,1.057,0.457,0.636,10.12,4.0,0
1779,"Tuesday, August 15, 2017",TBR,TOR,0.317,0.235,0.391,0.257,0.952,0.639,0.561,0.382,4.0,6.0,1
1780,"Tuesday, August 15, 2017",LAA,WSN,0.103,0.281,0.188,0.324,0.394,0.855,0.207,0.531,3.38,1.0,0
1781,"Wednesday, August 16, 2017",STL,BOS,0.27,0.29,0.289,0.395,0.722,0.846,0.432,0.452,4.15,4.0,0
1782,"Wednesday, August 16, 2017",CIN,CHC,0.265,0.25,0.316,0.368,0.904,0.806,0.588,0.438,7.27,6.0,0
1783,"Wednesday, August 16, 2017",ATL,COL,0.219,0.429,0.265,0.51,0.515,1.296,0.25,0.786,19.12,2.0,0
1784,"Wednesday, August 16, 2017",ARI,HOU,0.265,0.432,0.342,0.439,0.901,1.061,0.559,0.622,7.88,5.0,0
1785,"Wednesday, August 16, 2017",CHW,LAD,0.333,0.3,0.351,0.382,1.018,0.882,0.667,0.5,5.4,4.0,0
1786,"Wednesday, August 16, 2017",SFG,MIA,0.235,0.286,0.278,0.375,0.513,0.775,0.235,0.4,5.62,0.0,0
1787,"Wednesday, August 16, 2017",PIT,MIL,0.297,0.25,0.316,0.314,0.667,1.033,0.351,0.719,7.88,4.0,0
1788,"Wednesday, August 16, 2017",NYY,NYM,0.242,0.2,0.333,0.257,0.758,0.624,0.424,0.367,3.0,4.0,1
1789,"Wednesday, August 16, 2017",KCR,OAK,0.359,0.308,0.457,0.357,0.918,0.844,0.462,0.487,6.0,7.0,1
1790,"Wednesday, August 16, 2017",PHI,SDP,0.097,0.233,0.125,0.303,0.286,0.636,0.161,0.333,3.38,0.0,0
1791,"Wednesday, August 16, 2017",BAL,SEA,0.333,0.429,0.405,0.487,0.905,1.173,0.5,0.686,7.88,6.0,0
1792,"Wednesday, August 16, 2017",DET,TEX,0.314,0.4,0.442,0.5,1.042,1.225,0.6,0.725,11.25,6.0,0
1793,"Wednesday, August 16, 2017",TBR,TOR,0.206,0.241,0.289,0.313,0.584,0.761,0.294,0.448,3.38,2.0,0
1794,"Wednesday, August 16, 2017",LAA,WSN,0.133,0.188,0.188,0.278,0.554,0.59,0.367,0.313,2.0,3.0,1
1795,"Thursday, August 17, 2017",CIN,CHC,0.324,0.342,0.457,0.381,0.997,1.328,0.541,0.947,10.0,11.0,1
1796,"Thursday, August 17, 2017",ATL,COL,0.316,0.257,0.395,0.341,1.185,0.827,0.789,0.486,4.0,10.0,1
1797,"Thursday, August 17, 2017",ARI,HOU,0.312,0.129,0.371,0.156,0.934,0.318,0.563,0.161,0.0,2.0,1
1798,"Thursday, August 17, 2017",CLE,MIN,0.359,0.286,0.457,0.342,0.995,0.828,0.538,0.486,3.0,9.0,1
1799,"Thursday, August 17, 2017",CLE,MIN,0.103,0.361,0.188,0.415,0.463,0.915,0.276,0.5,3.38,2.0,0
1800,"Thursday, August 17, 2017",NYY,NYM,0.25,0.2,0.308,0.3,0.669,0.643,0.361,0.343,4.0,6.0,1
1801,"Thursday, August 17, 2017",STL,PIT,0.385,0.395,0.467,0.477,1.108,1.03,0.641,0.553,7.0,11.0,1
1802,"Thursday, August 17, 2017",WSN,SDP,0.148,0.235,0.314,0.278,0.611,0.601,0.296,0.324,1.0,2.0,1
1803,"Thursday, August 17, 2017",PHI,SFG,0.257,0.29,0.297,0.389,0.84,0.776,0.543,0.387,5.62,4.0,0
1804,"Thursday, August 17, 2017",CHW,TEX,0.27,0.258,0.372,0.425,0.913,0.877,0.541,0.452,9.0,6.0,0
1805,"Thursday, August 17, 2017",TBR,TOR,0.297,0.194,0.409,0.219,0.814,0.735,0.405,0.516,5.62,3.0,0
1806,"Friday, August 18, 2017",CIN,ATL,0.265,0.235,0.375,0.316,0.934,0.698,0.559,0.382,3.0,5.0,1
1807,"Friday, August 18, 2017",LAA,BAL,0.306,0.297,0.342,0.316,1.12,1.018,0.778,0.703,9.72,7.0,0
1808,"Friday, August 18, 2017",NYY,BOS,0.308,0.312,0.426,0.41,0.913,0.942,0.487,0.531,10.12,6.0,0
1809,"Friday, August 18, 2017",TOR,CHC,0.278,0.371,0.316,0.421,0.677,0.964,0.361,0.543,7.88,4.0,0
1810,"Friday, August 18, 2017",MIL,COL,0.25,0.3,0.289,0.4,0.901,1.1,0.611,0.7,7.88,4.0,0
1811,"Friday, August 18, 2017",LAD,DET,0.343,0.35,0.419,0.395,0.933,1.045,0.514,0.65,5.0,8.0,1
1812,"Friday, August 18, 2017",OAK,HOU,0.167,0.226,0.194,0.25,0.494,0.669,0.3,0.419,3.38,1.0,0
1813,"Friday, August 18, 2017",CLE,KCR,0.325,0.257,0.386,0.297,1.011,0.669,0.625,0.371,1.0,10.0,1
1814,"Friday, August 18, 2017",ARI,MIN,0.212,0.447,0.278,0.488,0.581,1.567,0.303,1.079,11.25,3.0,0
1815,"Friday, August 18, 2017",MIA,NYM,0.167,0.212,0.257,0.235,0.557,0.447,0.3,0.212,1.0,3.0,1
1816,"Friday, August 18, 2017",STL,PIT,0.333,0.286,0.395,0.395,1.036,1.052,0.641,0.657,9.0,11.0,1
1817,"Friday, August 18, 2017",WSN,SDP,0.265,0.143,0.325,0.226,0.678,0.476,0.353,0.25,1.0,5.0,1
1818,"Friday, August 18, 2017",PHI,SFG,0.129,0.333,0.229,0.368,0.358,0.98,0.129,0.611,10.12,2.0,0
1819,"Friday, August 18, 2017",SEA,TBR,0.359,0.133,0.405,0.206,0.995,0.406,0.59,0.2,1.0,7.0,1
1820,"Friday, August 18, 2017",CHW,TEX,0.273,0.2,0.368,0.314,0.823,0.681,0.455,0.367,3.0,3.0,1
1821,"Saturday, August 19, 2017",CIN,ATL,0.359,0.349,0.422,0.396,0.986,1.0,0.564,0.605,7.0,10.0,1
1822,"Saturday, August 19, 2017",LAA,BAL,0.212,0.212,0.333,0.278,0.939,0.551,0.606,0.273,1.0,5.0,1
1823,"Saturday, August 19, 2017",NYY,BOS,0.257,0.176,0.316,0.222,0.83,0.546,0.514,0.324,3.0,4.0,1
1824,"Saturday, August 19, 2017",TOR,CHC,0.176,0.276,0.222,0.382,0.458,0.796,0.235,0.414,4.5,2.0,0
1825,"Saturday, August 19, 2017",MIL,COL,0.303,0.314,0.368,0.385,0.944,0.756,0.576,0.371,3.0,6.0,1
1826,"Saturday, August 19, 2017",LAD,DET,0.194,0.133,0.286,0.257,0.576,0.424,0.29,0.167,0.0,2.0,1
1827,"Saturday, August 19, 2017",OAK,HOU,0.214,0.286,0.313,0.375,0.563,0.839,0.25,0.464,3.38,0.0,0
1828,"Saturday, August 19, 2017",CLE,KCR,0.25,0.219,0.308,0.286,0.669,0.598,0.361,0.313,0.0,5.0,1
1829,"Saturday, August 19, 2017",ARI,MIN,0.069,0.281,0.1,0.395,0.238,0.738,0.138,0.344,4.5,0.0,0
1830,"Saturday, August 19, 2017",MIA,NYM,0.214,0.25,0.371,0.306,0.586,0.837,0.214,0.531,5.62,1.0,0
1831,"Saturday, August 19, 2017",STL,PIT,0.212,0.333,0.257,0.368,0.742,1.007,0.485,0.639,6.75,4.0,0
1832,"Saturday, August 19, 2017",WSN,SDP,0.1,0.185,0.156,0.267,0.29,0.563,0.133,0.296,3.38,0.0,0
1833,"Saturday, August 19, 2017",PHI,SFG,0.333,0.359,0.386,0.444,1.027,0.957,0.641,0.513,9.0,12.0,1
1834,"Saturday, August 19, 2017",SEA,TBR,0.278,0.25,0.395,0.289,0.868,0.817,0.472,0.528,6.0,7.0,1
1835,"Saturday, August 19, 2017",CHW,TEX,0.324,0.476,0.381,0.56,0.894,1.417,0.514,0.857,19.12,7.0,0
1836,"Sunday, August 20, 2017",CIN,ATL,0.242,0.333,0.39,0.415,0.663,1.026,0.273,0.611,9.0,1.0,0
1837,"Sunday, August 20, 2017",LAA,BAL,0.194,0.257,0.375,0.297,0.762,0.669,0.387,0.371,2.0,5.0,1
1838,"Sunday, August 20, 2017",NYY,BOS,0.1,0.343,0.182,0.425,0.415,0.911,0.233,0.486,5.62,1.0,0
1839,"Sunday, August 20, 2017",TOR,CHC,0.216,0.211,0.356,0.302,0.734,0.565,0.378,0.263,5.79,4.5,0
1840,"Sunday, August 20, 2017",MIL,COL,0.343,0.242,0.429,0.395,1.0,0.789,0.571,0.394,4.0,6.0,1
1841,"Sunday, August 20, 2017",LAD,DET,0.1,0.25,0.129,0.273,0.329,0.741,0.2,0.469,6.75,1.0,0
1842,"Sunday, August 20, 2017",OAK,HOU,0.286,0.219,0.375,0.278,0.689,0.622,0.314,0.344,2.0,1.0,1
1843,"Sunday, August 20, 2017",CLE,KCR,0.229,0.429,0.263,0.447,0.663,1.019,0.4,0.571,7.88,4.0,0
1844,"Sunday, August 20, 2017",ARI,MIN,0.25,0.324,0.289,0.405,0.873,1.026,0.583,0.622,12.38,5.0,0
1845,"Sunday, August 20, 2017",MIA,NYM,0.289,0.226,0.308,0.306,0.676,0.693,0.368,0.387,4.0,5.0,1
1846,"Sunday, August 20, 2017",STL,PIT,0.297,0.273,0.333,0.314,0.766,0.739,0.432,0.424,6.75,3.0,0
1847,"Sunday, August 20, 2017",WSN,SDP,0.161,0.147,0.325,0.171,0.583,0.318,0.258,0.147,0.0,3.0,1
1848,"Sunday, August 20, 2017",PHI,SFG,0.333,0.303,0.35,0.378,0.812,0.742,0.462,0.364,2.0,5.0,1
1849,"Sunday, August 20, 2017",SEA,TBR,0.103,0.179,0.161,0.324,0.265,0.788,0.103,0.464,3.38,0.0,0
1850,"Sunday, August 20, 2017",CHW,TEX,0.265,0.188,0.342,0.333,0.666,0.615,0.324,0.281,2.0,3.0,1
1851,"Monday, August 21, 2017",TEX,LAA,0.206,0.156,0.27,0.308,0.594,0.464,0.324,0.156,3.0,4.0,1
1852,"Monday, August 21, 2017",SEA,ATL,0.265,0.333,0.342,0.342,0.695,0.842,0.353,0.5,4.0,6.0,1
1853,"Monday, August 21, 2017",OAK,BAL,0.233,0.303,0.343,0.368,0.81,1.035,0.467,0.667,6.75,3.0,0
1854,"Monday, August 21, 2017",MIN,CHW,0.242,0.214,0.341,0.324,0.766,0.788,0.424,0.464,7.88,6.0,0
1855,"Monday, August 21, 2017",MIN,CHW,0.294,0.1,0.415,0.129,1.062,0.462,0.647,0.333,2.0,10.0,1
1856,"Monday, August 21, 2017",BOS,CLE,0.161,0.226,0.316,0.294,0.671,0.649,0.355,0.355,4.5,4.0,0
1857,"Monday, August 21, 2017",ARI,NYM,0.167,0.289,0.25,0.341,0.5,0.789,0.25,0.447,1.8,2.7,1
1858,"Monday, August 21, 2017",LAD,PIT,0.213,0.217,0.315,0.294,0.698,0.729,0.383,0.435,3.75,4.5,1
1859,"Monday, August 21, 2017",MIL,SFG,0.129,0.242,0.206,0.324,0.335,0.627,0.129,0.303,0.0,0.0,0
1860,"Tuesday, August 22, 2017",TEX,LAA,0.265,0.39,0.316,0.468,0.61,1.102,0.294,0.634,7.88,1.0,0
1861,"Tuesday, August 22, 2017",SEA,ATL,0.167,0.355,0.286,0.444,0.519,0.896,0.233,0.452,2.25,0.0,0
1862,"Tuesday, August 22, 2017",OAK,BAL,0.325,0.219,0.372,0.265,1.047,0.577,0.675,0.313,4.0,6.0,1
1863,"Tuesday, August 22, 2017",MIN,CHW,0.2,0.242,0.25,0.265,0.783,0.568,0.533,0.303,1.0,4.0,1
1864,"Tuesday, August 22, 2017",CHC,CIN,0.342,0.333,0.48,0.409,0.875,1.076,0.395,0.667,9.0,13.0,1
1865,"Tuesday, August 22, 2017",BOS,CLE,0.316,0.038,0.341,0.138,0.894,0.292,0.553,0.154,1.0,9.0,1
1866,"Tuesday, August 22, 2017",NYY,DET,0.357,0.242,0.408,0.242,1.099,0.758,0.69,0.515,4.0,11.0,1
1867,"Tuesday, August 22, 2017",WSN,HOU,0.188,0.265,0.212,0.324,0.618,0.618,0.406,0.294,2.0,4.0,1
1868,"Tuesday, August 22, 2017",COL,KCR,0.067,0.2,0.2,0.226,0.433,0.526,0.233,0.3,2.25,2.0,0
1869,"Tuesday, August 22, 2017",ARI,NYM,0.229,0.219,0.308,0.286,0.793,0.692,0.486,0.406,4.0,6.0,1
1870,"Tuesday, August 22, 2017",MIA,PHI,0.35,0.235,0.395,0.27,1.195,0.976,0.8,0.706,8.0,12.0,1
1871,"Tuesday, August 22, 2017",MIA,PHI,0.342,0.235,0.405,0.297,0.957,0.827,0.553,0.529,4.0,7.0,1
1872,"Tuesday, August 22, 2017",LAD,PIT,0.286,0.226,0.405,0.351,0.833,0.706,0.429,0.355,5.0,8.0,1
1873,"Tuesday, August 22, 2017",MIL,SFG,0.278,0.294,0.325,0.4,0.714,0.782,0.389,0.382,3.0,3.0,1
1874,"Tuesday, August 22, 2017",SDP,STL,0.297,0.212,0.409,0.297,0.923,0.843,0.514,0.545,4.0,12.0,1
1875,"Tuesday, August 22, 2017",TOR,TBR,0.212,0.343,0.222,0.41,0.677,1.067,0.455,0.657,5.62,3.0,0
1876,"Wednesday, August 23, 2017",TEX,LAA,0.333,0.216,0.386,0.293,0.976,0.644,0.59,0.351,4.5,6.3,1
1877,"Wednesday, August 23, 2017",SEA,ATL,0.366,0.306,0.426,0.381,1.011,0.714,0.585,0.333,6.0,9.0,1
1878,"Wednesday, August 23, 2017",OAK,BAL,0.292,0.302,0.352,0.362,0.789,0.966,0.438,0.605,6.55,5.25,0
1879,"Wednesday, August 23, 2017",MIN,CHW,0.1,0.233,0.182,0.324,0.382,0.79,0.2,0.467,3.24,3.0,0
1880,"Wednesday, August 23, 2017",CHC,CIN,0.278,0.212,0.381,0.235,0.853,0.72,0.472,0.485,3.0,8.0,1
1881,"Wednesday, August 23, 2017",BOS,CLE,0.229,0.1,0.289,0.25,0.718,0.45,0.429,0.2,1.0,6.0,1
1882,"Wednesday, August 23, 2017",NYY,DET,0.359,0.25,0.395,0.289,1.036,0.762,0.641,0.472,2.0,9.0,1
1883,"Wednesday, August 23, 2017",WSN,HOU,0.2,0.303,0.219,0.385,0.485,1.082,0.267,0.697,6.75,1.0,0
1884,"Wednesday, August 23, 2017",COL,KCR,0.273,0.368,0.359,0.4,0.844,0.874,0.485,0.474,6.23,4.0,0
1885,"Wednesday, August 23, 2017",ARI,NYM,0.212,0.267,0.333,0.389,0.667,0.789,0.333,0.4,3.38,2.0,0
1886,"Wednesday, August 23, 2017",MIA,PHI,0.071,0.324,0.133,0.41,0.24,0.998,0.107,0.588,9.0,0.0,0
1887,"Wednesday, August 23, 2017",LAD,PIT,0.222,0.036,0.317,0.036,0.567,0.179,0.25,0.143,1.0,0.0,0
1888,"Wednesday, August 23, 2017",MIL,SFG,0.194,0.29,0.265,0.333,0.62,0.785,0.355,0.452,4.5,2.0,0
1889,"Wednesday, August 23, 2017",SDP,STL,0.182,0.31,0.229,0.488,0.592,0.867,0.364,0.379,5.62,2.0,0
1890,"Wednesday, August 23, 2017",TOR,TBR,0.316,0.297,0.333,0.366,1.149,0.906,0.816,0.541,6.0,7.0,1
1891,"Thursday, August 24, 2017",TEX,LAA,0.161,0.212,0.235,0.257,0.655,0.5,0.419,0.242,0.0,3.0,1
1892,"Thursday, August 24, 2017",MIN,CHW,0.161,0.172,0.278,0.273,0.568,0.583,0.29,0.31,3.38,1.0,0
1893,"Thursday, August 24, 2017",CHC,CIN,0.219,0.226,0.306,0.333,0.681,0.656,0.375,0.323,3.38,2.0,0
1894,"Thursday, August 24, 2017",BOS,CLE,0.265,0.45,0.359,0.511,0.888,1.261,0.529,0.75,13.5,6.0,0
1895,"Thursday, August 24, 2017",NYY,DET,0.25,0.324,0.333,0.455,0.677,1.072,0.344,0.618,6.75,5.0,0
1896,"Thursday, August 24, 2017",WSN,HOU,0.175,0.225,0.209,0.262,0.459,0.637,0.25,0.375,3.27,3.27,1
1897,"Thursday, August 24, 2017",COL,KCR,0.306,0.265,0.342,0.306,0.787,0.747,0.444,0.441,2.0,3.0,1
1898,"Thursday, August 24, 2017",ARI,NYM,0.294,0.161,0.359,0.333,0.653,0.624,0.294,0.29,2.0,3.0,1
1899,"Thursday, August 24, 2017",MIA,PHI,0.343,0.316,0.467,0.381,1.21,0.934,0.743,0.553,8.0,9.0,1
1900,"Thursday, August 24, 2017",LAD,PIT,0.368,0.182,0.478,0.289,1.162,0.502,0.684,0.212,2.0,5.0,1
1901,"Thursday, August 24, 2017",SDP,STL,0.286,0.343,0.381,0.378,0.724,0.893,0.343,0.514,3.0,3.0,1
1902,"Thursday, August 24, 2017",TOR,TBR,0.182,0.179,0.229,0.294,0.41,0.616,0.182,0.321,2.25,0.0,0
1903,"Friday, August 25, 2017",HOU,LAA,0.229,0.188,0.229,0.278,0.571,0.497,0.343,0.219,1.0,2.0,1
1904,"Friday, August 25, 2017",SFG,ARI,0.242,0.233,0.242,0.303,0.576,0.636,0.333,0.333,4.5,2.0,0
1905,"Friday, August 25, 2017",COL,ATL,0.194,0.241,0.194,0.353,0.548,0.87,0.355,0.517,5.62,2.0,0
1906,"Friday, August 25, 2017",BAL,BOS,0.438,0.176,0.442,0.216,1.067,0.51,0.625,0.294,2.0,7.0,1
1907,"Friday, August 25, 2017",DET,CHW,0.212,0.3,0.212,0.364,0.455,0.864,0.242,0.5,3.38,2.0,0
1908,"Friday, August 25, 2017",PIT,CIN,0.306,0.273,0.39,0.405,0.835,0.981,0.444,0.576,7.88,5.0,0
1909,"Friday, August 25, 2017",KCR,CLE,0.235,0.303,0.257,0.361,0.581,0.785,0.324,0.424,4.5,0.0,0
1910,"Friday, August 25, 2017",MIL,LAD,0.037,0.25,0.133,0.333,0.281,0.771,0.148,0.438,3.38,1.0,0
1911,"Friday, August 25, 2017",SDP,MIA,0.257,0.324,0.27,0.378,0.756,0.996,0.486,0.618,6.75,6.0,0
1912,"Friday, August 25, 2017",SEA,NYY,0.195,0.132,0.25,0.298,0.64,0.508,0.39,0.211,0.82,1.64,1
1913,"Friday, August 25, 2017",TEX,OAK,0.273,0.143,0.294,0.2,0.658,0.593,0.364,0.393,3.38,1.0,0
1914,"Friday, August 25, 2017",CHC,PHI,0.25,0.344,0.308,0.417,0.669,1.104,0.361,0.688,7.88,1.0,0
1915,"Friday, August 25, 2017",TBR,STL,0.381,0.172,0.435,0.257,0.982,0.533,0.548,0.276,3.0,7.0,1
1916,"Friday, August 25, 2017",MIN,TOR,0.342,0.27,0.357,0.308,0.831,0.686,0.474,0.378,1.0,6.0,1
1917,"Friday, August 25, 2017",NYM,WSN,0.265,0.206,0.35,0.27,0.674,0.623,0.324,0.353,2.0,4.0,1
1918,"Saturday, August 26, 2017",HOU,LAA,0.222,0.258,0.263,0.303,0.708,0.787,0.444,0.484,7.88,5.0,0
1919,"Saturday, August 26, 2017",SFG,ARI,0.156,0.172,0.182,0.2,0.494,0.648,0.313,0.448,2.25,1.0,0
1920,"Saturday, August 26, 2017",COL,ATL,0.316,0.371,0.395,0.378,1.001,0.921,0.605,0.543,6.0,7.0,1
1921,"Saturday, August 26, 2017",BAL,BOS,0.278,0.133,0.297,0.235,0.797,0.402,0.5,0.167,0.0,7.0,1
1922,"Saturday, August 26, 2017",DET,CHW,0.257,0.206,0.341,0.289,0.827,0.613,0.486,0.324,3.0,6.0,1
1923,"Saturday, August 26, 2017",PIT,CIN,0.143,0.167,0.172,0.167,0.458,0.333,0.286,0.167,0.0,1.0,1
1924,"Saturday, August 26, 2017",KCR,CLE,0.129,0.2,0.206,0.273,0.335,0.773,0.129,0.5,4.5,0.0,0
1925,"Saturday, August 26, 2017",MIL,LAD,0.182,0.156,0.229,0.156,0.532,0.375,0.303,0.219,0.0,3.0,1
1926,"Saturday, August 26, 2017",SDP,MIA,0.154,0.194,0.195,0.302,0.375,0.608,0.179,0.306,1.69,0.82,0
1927,"Saturday, August 26, 2017",SEA,NYY,0.176,0.267,0.263,0.405,0.557,0.772,0.294,0.367,6.75,2.0,0
1928,"Saturday, August 26, 2017",TEX,OAK,0.257,0.355,0.333,0.447,0.648,1.125,0.314,0.677,9.0,3.0,0
1929,"Saturday, August 26, 2017",CHC,PHI,0.341,0.242,0.426,0.242,1.279,0.636,0.854,0.394,2.0,17.0,1
1930,"Saturday, August 26, 2017",TBR,STL,0.188,0.303,0.188,0.378,0.688,0.894,0.5,0.515,6.75,4.0,0
1931,"Saturday, August 26, 2017",MIN,TOR,0.278,0.371,0.308,0.429,0.808,1.0,0.5,0.571,11.25,7.0,0
1932,"Saturday, August 26, 2017",NYM,WSN,0.306,0.361,0.342,0.425,0.87,0.814,0.528,0.389,5.62,4.0,0
1933,"Sunday, August 27, 2017",HOU,LAA,0.265,0.25,0.342,0.368,0.754,0.743,0.412,0.375,5.0,7.0,1
1934,"Sunday, August 27, 2017",SFG,ARI,0.172,0.344,0.226,0.476,0.433,1.195,0.207,0.719,12.38,0.0,0
1935,"Sunday, August 27, 2017",COL,ATL,0.235,0.2,0.333,0.294,0.716,0.494,0.382,0.2,0.0,3.0,1
1936,"Sunday, August 27, 2017",BAL,BOS,0.182,0.242,0.229,0.39,0.471,0.754,0.242,0.364,1.0,2.0,1
1937,"Sunday, August 27, 2017",DET,CHW,0.161,0.303,0.257,0.333,0.58,0.818,0.323,0.485,7.88,1.0,0
1938,"Sunday, August 27, 2017",PIT,CIN,0.258,0.188,0.395,0.325,0.75,0.544,0.355,0.219,1.0,5.0,1
1939,"Sunday, August 27, 2017",KCR,CLE,0.188,0.447,0.188,0.523,0.406,1.286,0.219,0.763,13.5,0.0,0
1940,"Sunday, August 27, 2017",MIL,LAD,0.25,0.133,0.333,0.257,0.74,0.424,0.406,0.167,2.0,3.0,1
1941,"Sunday, August 27, 2017",SDP,MIA,0.226,0.281,0.294,0.324,0.649,0.886,0.355,0.563,6.75,2.0,0
1942,"Sunday, August 27, 2017",SEA,NYY,0.182,0.385,0.206,0.432,0.418,0.893,0.212,0.462,5.62,1.0,0
1943,"Sunday, August 27, 2017",TEX,OAK,0.222,0.333,0.243,0.415,0.604,0.942,0.361,0.528,5.62,2.0,0
1944,"Sunday, August 27, 2017",CHC,PHI,0.212,0.242,0.297,0.265,0.509,0.719,0.212,0.455,5.62,2.0,0
1945,"Sunday, August 27, 2017",TBR,STL,0.222,0.231,0.333,0.25,0.833,0.66,0.5,0.41,1.8,2.7,1
1946,"Sunday, August 27, 2017",MIN,TOR,0.341,0.212,0.386,0.235,1.045,0.569,0.659,0.333,2.0,7.0,1
1947,"Sunday, August 27, 2017",NYM,WSN,0.257,0.389,0.333,0.442,0.848,0.97,0.514,0.528,5.0,6.0,1
1948,"Sunday, August 27, 2017",NYM,WSN,0.289,0.214,0.289,0.303,0.684,0.624,0.395,0.321,5.62,4.0,0
1949,"Monday, August 28, 2017",OAK,LAA,0.133,0.29,0.257,0.313,0.524,0.7,0.267,0.387,2.25,1.0,0
1950,"Monday, August 28, 2017",SEA,BAL,0.25,0.432,0.351,0.475,0.82,1.043,0.469,0.568,7.88,6.0,0
1951,"Monday, August 28, 2017",PIT,CHC,0.194,0.324,0.219,0.385,0.509,0.796,0.29,0.412,3.38,1.0,0
1952,"Monday, August 28, 2017",DET,COL,0.273,0.342,0.333,0.375,0.788,0.822,0.455,0.447,3.0,4.0,1
1953,"Monday, August 28, 2017",TBR,KCR,0.343,0.071,0.415,0.133,1.243,0.276,0.829,0.143,0.0,12.0,1
1954,"Monday, August 28, 2017",CLE,NYY,0.188,0.097,0.278,0.125,0.872,0.351,0.594,0.226,2.0,5.0,1
1955,"Monday, August 28, 2017",ATL,PHI,0.226,0.303,0.25,0.351,0.508,0.897,0.258,0.545,6.75,1.0,0
1956,"Monday, August 28, 2017",SFG,SDP,0.212,0.103,0.333,0.103,0.758,0.207,0.424,0.103,0.0,3.0,1
1957,"Monday, August 28, 2017",BOS,TOR,0.324,0.235,0.39,0.366,0.958,0.778,0.568,0.412,5.0,5.0,1
1958,"Monday, August 28, 2017",MIA,WSN,0.242,0.351,0.324,0.415,0.688,0.955,0.364,0.541,12.38,2.0,0
1959,"Tuesday, August 29, 2017",OAK,LAA,0.212,0.258,0.278,0.351,0.672,0.964,0.394,0.613,7.88,2.0,0
1960,"Tuesday, August 29, 2017",LAD,ARI,0.27,0.303,0.325,0.324,0.839,0.99,0.514,0.667,7.88,6.0,0
1961,"Tuesday, August 29, 2017",SEA,BAL,0.033,0.3,0.121,0.364,0.155,1.097,0.033,0.733,4.5,0.0,0
1962,"Tuesday, August 29, 2017",PIT,CHC,0.188,0.276,0.257,0.353,0.57,0.801,0.313,0.448,4.5,1.0,0
1963,"Tuesday, August 29, 2017",NYM,CIN,0.286,0.385,0.375,0.5,0.718,1.141,0.343,0.641,12.38,4.0,0
1964,"Tuesday, August 29, 2017",DET,COL,0.219,0.29,0.242,0.343,0.649,0.827,0.406,0.484,7.88,3.0,0
1965,"Tuesday, August 29, 2017",TEX,HOU,0.341,0.265,0.413,0.342,1.023,0.636,0.61,0.294,2.0,9.0,1
1966,"Tuesday, August 29, 2017",TBR,KCR,0.156,0.286,0.206,0.324,0.456,0.867,0.25,0.543,6.75,2.0,0
1967,"Tuesday, August 29, 2017",STL,MIL,0.275,0.25,0.408,0.27,0.808,0.604,0.4,0.333,2.0,7.0,1
1968,"Tuesday, August 29, 2017",CHW,MIN,0.286,0.276,0.35,0.371,0.75,0.889,0.4,0.517,6.75,4.0,0
1969,"Tuesday, August 29, 2017",SFG,SDP,0.229,0.303,0.289,0.361,0.661,0.876,0.371,0.515,6.75,2.0,0
1970,"Tuesday, August 29, 2017",BOS,TOR,0.265,0.129,0.286,0.129,0.697,0.29,0.412,0.161,0.0,2.0,1
1971,"Tuesday, August 29, 2017",MIA,WSN,0.235,0.375,0.308,0.474,0.631,1.005,0.324,0.531,9.0,2.0,0
1972,"Wednesday, August 30, 2017",OAK,LAA,0.297,0.324,0.366,0.425,0.879,1.19,0.514,0.765,11.25,8.0,0
1973,"Wednesday, August 30, 2017",LAD,ARI,0.182,0.324,0.325,0.378,0.598,0.996,0.273,0.618,6.75,4.0,0
1974,"Wednesday, August 30, 2017",SEA,BAL,0.278,0.353,0.316,0.395,0.76,1.13,0.444,0.735,9.0,7.0,0
1975,"Wednesday, August 30, 2017",PIT,CHC,0.182,0.444,0.229,0.468,0.532,1.268,0.303,0.8,18.0,3.0,0
1976,"Wednesday, August 30, 2017",NYM,CIN,0.161,0.107,0.212,0.219,0.47,0.397,0.258,0.179,0.0,2.0,1
1977,"Wednesday, August 30, 2017",DET,COL,0.306,0.182,0.39,0.229,0.89,0.532,0.5,0.303,2.0,6.0,1
1978,"Wednesday, August 30, 2017",TEX,HOU,0.297,0.129,0.395,0.125,0.882,0.286,0.486,0.161,1.0,8.0,1
1979,"Wednesday, August 30, 2017",TBR,KCR,0.242,0.161,0.257,0.235,0.772,0.493,0.515,0.258,3.0,5.0,1
1980,"Wednesday, August 30, 2017",STL,MIL,0.156,0.286,0.229,0.286,0.666,0.771,0.438,0.486,3.38,5.0,0
1981,"Wednesday, August 30, 2017",CHW,MIN,0.188,0.4,0.25,0.5,0.531,1.3,0.281,0.8,12.38,1.0,0
1982,"Wednesday, August 30, 2017",CLE,NYY,0.235,0.167,0.316,0.286,0.61,0.486,0.294,0.2,1.0,1.0,1
1983,"Wednesday, August 30, 2017",CLE,NYY,0.325,0.242,0.4,0.306,1.025,0.639,0.625,0.333,4.0,9.0,1
1984,"Wednesday, August 30, 2017",ATL,PHI,0.375,0.212,0.457,0.235,1.032,0.447,0.575,0.212,1.0,9.0,1
1985,"Wednesday, August 30, 2017",ATL,PHI,0.342,0.188,0.405,0.27,0.852,0.614,0.447,0.344,2.0,5.0,1
1986,"Wednesday, August 30, 2017",SFG,SDP,0.194,0.25,0.324,0.314,0.582,0.783,0.258,0.469,4.5,0.0,0
1987,"Wednesday, August 30, 2017",BOS,TOR,0.286,0.188,0.39,0.235,0.962,0.548,0.571,0.313,1.0,7.0,1
1988,"Wednesday, August 30, 2017",MIA,WSN,0.188,0.312,0.212,0.389,0.493,0.951,0.281,0.563,3.38,0.0,0
1989,"Thursday, August 31, 2017",LAD,ARI,0.156,0.312,0.229,0.389,0.447,1.014,0.219,0.625,9.0,1.0,0
1990,"Thursday, August 31, 2017",TOR,BAL,0.297,0.381,0.395,0.395,1.071,0.943,0.676,0.548,8.0,11.0,1
1991,"Thursday, August 31, 2017",ATL,CHC,0.194,0.314,0.286,0.4,0.608,0.886,0.323,0.486,5.62,1.0,0
1992,"Thursday, August 31, 2017",NYM,CIN,0.219,0.273,0.297,0.351,0.579,0.927,0.281,0.576,6.75,2.0,0
1993,"Thursday, August 31, 2017",TEX,HOU,0.133,0.3,0.257,0.364,0.457,0.764,0.2,0.4,5.62,0.0,0
1994,"Thursday, August 31, 2017",PHI,MIA,0.235,0.257,0.297,0.366,0.591,0.68,0.294,0.314,2.0,3.0,1
1995,"Thursday, August 31, 2017",WSN,MIL,0.226,0.382,0.273,0.421,0.628,0.95,0.355,0.529,6.75,3.0,0
1996,"Thursday, August 31, 2017",CHW,MIN,0.316,0.265,0.35,0.375,0.797,0.846,0.447,0.471,5.19,4.0,0
1997,"Thursday, August 31, 2017",BOS,NYY,0.129,0.389,0.341,0.463,0.47,1.075,0.129,0.611,6.75,2.0,0
1998,"Thursday, August 31, 2017",STL,SFG,0.263,0.219,0.333,0.257,0.728,0.632,0.395,0.375,2.0,4.0,1
1999,"Friday, September 1, 2017",TOR,BAL,0.156,0.2,0.208,0.25,0.431,0.472,0.222,0.222,0.75,0.0,0
2000,"Friday, September 1, 2017",TBR,CHW,0.176,0.219,0.2,0.265,0.465,0.546,0.265,0.281,0.0,3.0,1
